sender,receiver,timestamp,weight
U024,U009,2025-01-23 14:58,2
U047,U049,2025-03-23 12:59,5
U152,U151,2025-01-09 20:40,2
U018,U007,2025-03-07 12:10,5
U194,U184,2025-03-16 00:13,1
U073,U064,2025-02-01 07:17,3
U129,U128,2025-02-04 21:57,1
U145,U134,2025-03-15 19:11,1
U038,U028,2025-02-20 13:57,3
U159,U093,2025-02-22 21:14,2
U022,U008,2025-03-12 16:47,3
U060,U026,2025-02-04 22:23,3
U131,U137,2025-02-02 16:06,2
U045,U046,2025-01-16 21:51,5
U065,U063,2025-01-25 21:42,5
U150,U127,2025-01-22 04:21,1
U103,U069,2025-01-07 08:35,2
U146,U184,2025-01-29 23:25,2
U171,U165,2025-01-14 08:06,3
U124,U119,2025-02-09 07:55,5
U080,U092,2025-02-15 06:06,1
U030,U046,2025-01-15 21:29,4
U163,U170,2025-02-12 22:28,5
U022,U024,2025-01-11 18:14,5
U129,U135,2025-02-09 21:45,2
U117,U125,2025-01-17 14:16,5
U161,U077,2025-03-18 22:39,5
U062,U075,2025-01-16 00:54,5
U136,U001,2025-02-24 20:24,3
U037,U035,2025-01-23 03:05,1
U028,U049,2025-02-14 13:39,1
U137,U197,2025-01-12 18:43,2
U059,U067,2025-03-21 17:51,5
U093,U100,2025-03-08 18:33,2
U172,U171,2025-02-04 07:44,4
U116,U031,2025-01-23 21:33,2
U019,U018,2025-01-22 06:41,5
U048,U046,2025-01-06 16:36,2
U011,U003,2025-02-17 03:11,2
U182,U193,2025-01-13 09:02,5
U091,U089,2025-01-18 15:57,1
U162,U164,2025-02-07 18:03,4
U014,U173,2025-03-01 19:29,1
U129,U133,2025-01-18 18:32,2
U064,U056,2025-01-26 16:29,4
U040,U043,2025-01-10 05:53,1
U003,U025,2025-03-19 14:00,2
U191,U182,2025-03-21 00:51,4
U043,U098,2025-01-01 12:42,4
U185,U189,2025-03-05 17:43,5
U180,U182,2025-01-28 08:10,2
U149,U189,2025-02-19 16:26,1
U002,U019,2025-02-13 17:33,5
U136,U041,2025-01-06 12:15,5
U053,U070,2025-01-07 12:27,2
U094,U095,2025-01-04 22:49,5
U134,U132,2025-03-03 07:02,3
U155,U172,2025-03-01 02:07,3
U026,U040,2025-02-26 20:56,5
U019,U138,2025-01-20 17:38,5
U128,U133,2025-02-03 23:14,3
U120,U121,2025-02-18 11:29,1
U122,U104,2025-03-27 19:07,2
U049,U043,2025-01-15 11:34,3
U098,U086,2025-01-19 20:45,3
U102,U103,2025-02-28 01:36,4
U012,U001,2025-01-31 16:39,2
U106,U124,2025-02-10 13:12,5
U004,U003,2025-03-28 08:29,2
U144,U143,2025-01-14 19:30,4
U112,U102,2025-03-24 03:43,3
U097,U079,2025-02-02 12:37,5
U105,U159,2025-03-10 13:15,2
U061,U042,2025-03-31 04:33,2
U007,U046,2025-03-09 09:02,3
U172,U174,2025-03-16 03:06,2
U038,U027,2025-03-20 11:37,4
U187,U185,2025-03-17 00:29,2
U088,U086,2025-01-26 16:37,1
U072,U090,2025-02-28 17:20,5
U126,U129,2025-03-22 03:55,3
U102,U104,2025-02-24 15:13,4
U139,U145,2025-03-31 22:05,5
U084,U077,2025-03-06 20:21,4
U087,U089,2025-01-07 16:51,3
U049,U035,2025-02-16 11:49,3
U138,U148,2025-01-28 05:52,5
U172,U163,2025-03-03 23:37,2
U113,U118,2025-03-18 05:18,1
U089,U094,2025-02-25 13:16,3
U197,U182,2025-02-16 20:40,4
U072,U053,2025-01-27 03:56,5
U128,U150,2025-01-22 17:04,3
U080,U076,2025-01-05 12:57,2
U157,U197,2025-01-07 23:05,4
U098,U088,2025-02-15 07:59,4
U025,U004,2025-03-13 04:29,4
U177,U193,2025-01-24 00:22,1
U197,U192,2025-04-01 06:05,5
U195,U199,2025-03-23 12:38,5
U181,U199,2025-03-20 17:57,4
U096,U084,2025-03-12 00:56,5
U084,U090,2025-01-08 09:15,3
U136,U143,2025-01-08 16:01,2
U173,U155,2025-03-06 15:11,2
U161,U168,2025-02-12 17:49,4
U163,U175,2025-02-23 11:56,1
U196,U148,2025-02-04 22:57,4
U135,U150,2025-02-05 19:56,4
U091,U083,2025-01-26 04:14,4
U161,U172,2025-03-04 03:36,4
U180,U195,2025-02-18 22:48,1
U152,U145,2025-03-02 16:20,1
U155,U165,2025-01-17 20:59,1
U132,U140,2025-01-31 02:00,3
U159,U175,2025-03-28 21:56,4
U041,U026,2025-03-10 12:16,5
U133,U146,2025-01-07 13:53,1
U082,U076,2025-02-26 21:19,2
U197,U179,2025-02-21 16:00,2
U125,U112,2025-01-16 14:32,5
U050,U031,2025-03-30 03:27,3
U010,U019,2025-03-03 23:41,4
U078,U094,2025-03-05 04:40,2
U122,U120,2025-03-15 15:42,1
U012,U018,2025-02-09 07:48,3
U126,U139,2025-03-17 04:24,4
U146,U140,2025-03-06 17:08,2
U120,U118,2025-03-12 20:13,4
U111,U108,2025-03-17 22:45,1
U183,U200,2025-02-12 15:10,5
U161,U151,2025-02-15 07:49,3
U087,U084,2025-02-01 07:28,3
U180,U071,2025-02-20 22:08,1
U078,U083,2025-03-07 21:01,4
U098,U091,2025-03-01 02:59,4
U003,U010,2025-01-21 12:05,4
U122,U119,2025-02-03 22:08,4
U139,U149,2025-02-20 10:20,3
U184,U185,2025-01-24 05:11,2
U086,U079,2025-03-09 22:50,5
U177,U048,2025-01-18 18:25,2
U124,U119,2025-03-31 05:25,5
U032,U035,2025-01-22 00:56,3
U023,U018,2025-01-12 20:31,3
U018,U010,2025-03-05 19:31,2
U179,U176,2025-02-22 14:03,3
U186,U181,2025-03-30 05:09,1
U179,U178,2025-02-06 19:21,4
U005,U019,2025-03-28 17:23,3
U079,U093,2025-03-11 21:57,4
U100,U092,2025-02-04 22:56,4
U077,U151,2025-02-09 08:47,3
U020,U024,2025-01-10 08:46,2
U122,U103,2025-01-15 15:05,2
U031,U026,2025-02-07 12:25,4
U185,U177,2025-01-22 09:40,3
U178,U197,2025-01-22 13:55,3
U089,U079,2025-02-19 21:36,2
U105,U103,2025-01-06 18:16,2
U115,U104,2025-02-12 23:53,3
U117,U118,2025-02-15 06:42,4
U014,U024,2025-01-30 16:07,5
U033,U047,2025-03-18 10:10,5
U025,U022,2025-03-17 02:25,3
U066,U067,2025-03-01 15:14,4
U047,U150,2025-02-10 00:12,4
U121,U090,2025-02-07 12:03,3
U031,U036,2025-02-07 19:15,4
U175,U168,2025-01-04 16:09,4
U111,U104,2025-03-30 15:24,4
U001,U169,2025-03-21 11:09,5
U007,U017,2025-02-03 06:19,5
U200,U177,2025-01-19 20:40,3
U115,U123,2025-02-14 10:52,1
U098,U081,2025-01-29 14:50,5
U153,U158,2025-03-18 22:04,1
U046,U030,2025-02-15 16:43,3
U114,U116,2025-03-31 13:22,4
U063,U057,2025-03-26 05:51,5
U053,U059,2025-03-12 15:56,4
U101,U110,2025-03-08 10:04,3
U149,U169,2025-02-14 21:38,2
U187,U186,2025-02-20 13:40,5
U132,U148,2025-01-23 01:40,5
U152,U161,2025-03-10 02:49,4
U163,U172,2025-03-14 11:00,2
U005,U017,2025-03-30 04:50,5
U040,U029,2025-02-18 04:57,4
U064,U071,2025-03-30 14:54,2
U111,U120,2025-03-05 09:14,4
U147,U143,2025-02-04 22:08,3
U193,U177,2025-02-26 12:51,1
U108,U124,2025-01-09 13:26,4
U195,U163,2025-03-06 09:40,1
U101,U102,2025-01-30 20:36,1
U139,U130,2025-01-23 13:27,5
U056,U053,2025-02-25 19:27,4
U091,U094,2025-01-14 08:38,2
U115,U109,2025-03-03 00:44,1
U120,U074,2025-03-04 00:15,5
U187,U194,2025-01-28 13:30,4
U185,U182,2025-02-05 08:22,4
U169,U162,2025-02-22 15:41,3
U076,U006,2025-03-31 08:21,4
U020,U024,2025-02-15 13:07,3
U095,U087,2025-01-21 06:25,2
U071,U054,2025-03-24 13:30,1
U177,U194,2025-02-03 13:03,2
U111,U124,2025-02-08 03:40,2
U142,U134,2025-03-17 22:11,2
U185,U199,2025-03-21 13:24,3
U120,U020,2025-01-14 03:29,2
U186,U173,2025-03-31 12:42,4
U143,U094,2025-01-09 13:16,4
U040,U037,2025-03-03 13:48,3
U129,U147,2025-01-22 14:47,4
U145,U133,2025-03-01 06:49,1
U198,U185,2025-03-01 10:17,4
U002,U010,2025-02-15 04:09,1
U063,U065,2025-02-04 02:29,5
U064,U071,2025-01-10 08:18,4
U102,U123,2025-02-04 01:26,2
U087,U079,2025-03-31 14:52,3
U127,U138,2025-01-26 10:40,2
U117,U024,2025-03-02 15:50,2
U002,U011,2025-01-23 12:05,2
U078,U100,2025-02-20 18:41,2
U086,U100,2025-01-14 18:20,5
U055,U068,2025-01-24 03:33,2
U005,U001,2025-02-02 22:35,2
U006,U009,2025-01-06 02:28,2
U049,U028,2025-02-13 16:22,4
U040,U042,2025-01-21 11:58,5
U115,U121,2025-03-30 01:56,1
U188,U189,2025-03-04 18:48,1
U178,U186,2025-02-25 16:50,2
U120,U121,2025-02-23 14:44,5
U170,U167,2025-01-28 04:12,4
U154,U173,2025-01-11 17:56,5
U089,U090,2025-03-23 04:03,2
U188,U189,2025-03-08 17:51,1
U147,U134,2025-02-04 09:40,2
U178,U189,2025-01-10 02:56,3
U143,U016,2025-02-23 17:09,5
U039,U037,2025-03-21 20:25,4
U185,U014,2025-03-30 11:29,3
U129,U144,2025-02-16 12:27,2
U183,U179,2025-02-02 04:50,5
U119,U108,2025-03-15 19:24,4
U197,U160,2025-02-26 04:22,5
U101,U106,2025-01-26 04:58,3
U090,U002,2025-01-17 20:17,2
U153,U155,2025-03-09 18:40,1
U088,U089,2025-02-11 15:00,3
U124,U111,2025-03-13 01:01,5
U005,U006,2025-03-11 00:05,5
U034,U040,2025-03-02 14:01,4
U189,U184,2025-01-20 22:55,5
U154,U160,2025-03-04 01:35,5
U102,U108,2025-02-06 07:27,5
U085,U082,2025-03-12 04:18,2
U111,U104,2025-01-02 00:53,4
U055,U063,2025-02-18 19:26,2
U128,U138,2025-03-20 18:33,1
U178,U186,2025-02-22 17:45,4
U160,U154,2025-02-07 04:48,1
U044,U159,2025-02-12 05:05,3
U033,U039,2025-02-23 22:24,4
U160,U174,2025-02-01 05:40,2
U053,U067,2025-02-27 23:18,1
U100,U087,2025-02-02 06:59,2
U059,U057,2025-01-17 03:00,5
U031,U050,2025-02-27 11:46,4
U197,U194,2025-02-28 20:38,5
U130,U140,2025-01-07 13:10,4
U109,U119,2025-01-06 10:42,3
U115,U102,2025-01-06 12:16,3
U020,U166,2025-03-20 23:58,1
U165,U169,2025-02-20 18:55,1
U086,U095,2025-02-13 15:01,5
U015,U004,2025-03-16 03:35,3
U022,U130,2025-03-01 03:29,2
U190,U192,2025-02-17 21:57,5
U135,U138,2025-02-07 12:58,3
U021,U011,2025-01-07 07:59,3
U160,U159,2025-03-08 05:01,5
U086,U021,2025-02-23 09:00,2
U080,U168,2025-03-05 21:51,4
U035,U043,2025-02-04 14:52,3
U172,U180,2025-03-17 18:53,5
U167,U162,2025-01-02 23:49,3
U086,U100,2025-02-14 14:16,2
U055,U053,2025-01-28 06:10,1
U022,U011,2025-03-22 02:30,5
U155,U156,2025-01-17 19:03,5
U043,U185,2025-02-10 04:06,1
U090,U095,2025-01-27 06:26,4
U085,U091,2025-03-24 14:45,2
U190,U200,2025-01-26 23:32,4
U156,U157,2025-03-15 06:22,5
U102,U121,2025-02-14 01:51,3
U048,U042,2025-03-19 19:24,1
U059,U065,2025-03-24 17:40,5
U153,U158,2025-03-16 16:06,4
U007,U107,2025-01-06 04:20,4
U088,U078,2025-02-04 11:00,2
U048,U046,2025-01-31 20:27,2
U116,U123,2025-03-17 23:35,2
U190,U195,2025-01-01 19:28,1
U080,U093,2025-03-27 21:57,5
U050,U035,2025-01-22 23:07,3
U089,U096,2025-03-14 14:17,5
U041,U045,2025-02-19 03:01,1
U098,U080,2025-01-27 20:17,4
U133,U144,2025-02-08 06:00,2
U042,U037,2025-01-07 11:50,5
U013,U016,2025-01-05 07:06,4
U065,U192,2025-01-02 19:28,3
U133,U149,2025-03-02 03:27,1
U130,U127,2025-02-02 09:36,5
U075,U072,2025-02-12 14:59,4
U053,U073,2025-03-12 23:36,4
U077,U082,2025-03-22 23:02,1
U117,U113,2025-03-16 13:16,5
U025,U021,2025-01-18 17:28,3
U021,U011,2025-01-26 04:51,1
U163,U174,2025-02-10 08:37,4
U066,U073,2025-02-15 14:51,3
U133,U069,2025-03-15 06:08,1
U039,U045,2025-03-17 04:25,2
U129,U128,2025-01-31 04:21,3
U156,U173,2025-02-10 17:43,3
U145,U139,2025-01-26 07:46,1
U162,U167,2025-03-15 06:01,2
U037,U156,2025-03-04 01:18,4
U033,U050,2025-03-01 01:22,3
U020,U005,2025-03-04 03:26,4
U096,U114,2025-03-11 18:59,1
U138,U136,2025-03-01 10:59,3
U026,U049,2025-01-18 06:25,4
U034,U050,2025-01-25 00:36,4
U123,U116,2025-01-19 13:17,1
U040,U031,2025-03-24 03:11,4
U175,U082,2025-03-03 02:55,3
U110,U106,2025-03-07 02:58,2
U079,U082,2025-03-14 10:17,2
U176,U187,2025-02-20 18:16,5
U070,U053,2025-01-07 07:37,3
U192,U189,2025-03-12 08:15,4
U019,U033,2025-03-30 20:11,3
U190,U197,2025-02-17 10:11,3
U075,U055,2025-02-09 17:04,5
U015,U032,2025-02-17 11:48,2
U061,U073,2025-01-21 20:32,3
U133,U073,2025-03-19 07:58,1
U105,U121,2025-01-28 21:31,5
U069,U055,2025-01-16 21:59,5
U144,U127,2025-03-17 10:45,1
U121,U107,2025-03-12 03:26,5
U016,U021,2025-02-19 23:49,3
U116,U108,2025-03-15 13:52,4
U048,U027,2025-01-15 17:19,4
U182,U186,2025-02-25 13:16,2
U149,U137,2025-03-31 02:44,4
U142,U143,2025-01-10 23:57,3
U034,U040,2025-01-23 21:35,2
U113,U120,2025-02-08 09:25,2
U041,U084,2025-03-27 07:48,5
U100,U081,2025-02-15 16:28,5
U116,U101,2025-01-09 12:42,4
U082,U094,2025-02-02 10:54,1
U195,U196,2025-03-03 13:08,4
U004,U014,2025-01-13 12:35,3
U162,U152,2025-02-06 19:05,1
U087,U093,2025-01-27 14:27,1
U200,U193,2025-01-26 19:03,5
U030,U029,2025-02-06 04:29,3
U143,U137,2025-03-11 01:14,2
U167,U152,2025-01-05 10:58,1
U141,U142,2025-02-11 22:18,2
U061,U070,2025-01-30 07:50,2
U119,U111,2025-02-16 12:14,5
U116,U101,2025-02-03 20:41,3
U169,U160,2025-03-14 20:32,1
U121,U125,2025-02-22 23:41,5
U019,U016,2025-01-16 20:29,5
U155,U172,2025-01-23 09:05,1
U032,U026,2025-02-10 11:27,3
U173,U157,2025-02-07 16:28,5
U199,U177,2025-03-06 13:47,2
U147,U141,2025-02-18 03:55,4
U065,U068,2025-02-01 11:49,5
U120,U116,2025-01-18 20:00,2
U108,U110,2025-03-12 12:39,3
U186,U191,2025-02-02 01:58,5
U185,U071,2025-01-27 12:41,1
U163,U162,2025-03-29 05:22,2
U123,U103,2025-02-01 20:38,4
U182,U193,2025-01-26 00:17,5
U054,U070,2025-03-09 18:30,5
U022,U017,2025-01-21 20:59,2
U161,U173,2025-02-13 07:58,1
U051,U068,2025-03-31 08:16,2
U191,U196,2025-01-19 11:43,3
U025,U003,2025-03-01 16:58,5
U006,U014,2025-03-22 15:17,2
U010,U102,2025-03-14 01:19,4
U102,U101,2025-01-28 11:50,5
U135,U140,2025-02-28 16:58,5
U067,U065,2025-01-26 04:01,2
U085,U042,2025-03-08 21:09,4
U051,U074,2025-02-01 00:25,3
U081,U095,2025-03-20 06:16,4
U132,U084,2025-01-09 05:28,4
U055,U066,2025-01-30 18:55,2
U158,U165,2025-03-10 22:36,3
U078,U150,2025-03-08 03:09,5
U148,U133,2025-01-06 23:42,1
U063,U072,2025-02-16 01:46,3
U112,U120,2025-01-21 10:27,2
U123,U040,2025-02-11 17:54,5
U200,U193,2025-03-15 07:59,2
U042,U040,2025-02-18 09:48,3
U027,U043,2025-03-24 12:23,5
U056,U061,2025-03-20 02:39,5
U098,U094,2025-02-14 19:51,1
U115,U015,2025-02-11 14:32,2
U194,U177,2025-02-21 04:42,4
U124,U101,2025-02-06 08:57,3
U191,U056,2025-02-22 23:20,1
U148,U128,2025-02-19 14:11,1
U018,U121,2025-01-04 05:19,3
U075,U071,2025-03-31 09:12,4
U165,U163,2025-02-04 12:36,1
U071,U062,2025-01-12 03:09,2
U101,U136,2025-01-12 22:11,2
U194,U006,2025-03-31 09:32,3
U168,U163,2025-03-17 06:39,2
U130,U134,2025-01-18 11:44,1
U170,U175,2025-03-27 13:14,1
U029,U045,2025-01-04 09:20,4
U008,U024,2025-01-05 08:38,4
U100,U077,2025-01-14 02:07,5
U060,U188,2025-02-22 18:31,3
U133,U135,2025-03-22 02:12,2
U134,U057,2025-02-07 23:26,3
U071,U072,2025-02-09 05:14,5
U146,U147,2025-02-05 00:38,5
U164,U155,2025-01-28 15:06,4
U183,U185,2025-03-20 09:19,2
U015,U144,2025-02-07 21:30,4
U063,U058,2025-01-24 13:02,2
U040,U037,2025-01-09 17:59,5
U077,U084,2025-02-04 15:56,5
U032,U050,2025-02-23 19:35,5
U086,U085,2025-03-29 10:38,1
U099,U079,2025-03-10 07:34,4
U179,U155,2025-03-06 09:24,2
U093,U086,2025-03-12 22:08,3
U135,U134,2025-02-03 01:39,5
U120,U026,2025-03-15 09:46,4
U132,U137,2025-01-29 19:35,4
U099,U080,2025-01-02 19:25,3
U160,U155,2025-01-19 04:35,3
U091,U093,2025-03-01 22:00,3
U199,U196,2025-03-09 15:40,4
U131,U130,2025-03-07 21:32,5
U017,U002,2025-03-18 16:58,1
U172,U013,2025-03-11 21:43,1
U078,U098,2025-01-15 01:55,1
U187,U177,2025-02-26 13:40,5
U169,U125,2025-01-02 18:21,1
U151,U167,2025-03-08 01:39,3
U101,U117,2025-03-16 08:22,4
U046,U028,2025-03-25 21:30,1
U082,U095,2025-02-18 06:03,3
U069,U102,2025-01-08 12:37,3
U118,U145,2025-01-23 11:17,2
U046,U050,2025-01-04 05:12,1
U168,U166,2025-01-06 10:35,1
U041,U039,2025-03-01 00:49,3
U042,U027,2025-01-22 05:55,2
U178,U146,2025-02-13 14:44,3
U047,U034,2025-03-24 04:34,5
U006,U011,2025-01-02 18:12,2
U153,U160,2025-01-16 02:52,5
U172,U168,2025-01-31 12:40,4
U073,U074,2025-01-08 11:19,5
U127,U129,2025-02-10 02:50,2
U088,U155,2025-03-12 07:55,5
U102,U199,2025-01-31 00:58,1
U191,U183,2025-02-02 17:16,5
U111,U048,2025-03-04 04:48,5
U050,U045,2025-01-28 05:15,2
U034,U030,2025-02-04 22:07,2
U137,U129,2025-01-09 15:55,1
U114,U093,2025-03-11 15:11,3
U031,U039,2025-02-11 04:30,5
U154,U151,2025-01-09 11:46,3
U138,U126,2025-01-27 21:33,4
U049,U043,2025-03-24 17:27,2
U072,U063,2025-01-16 18:16,2
U116,U105,2025-01-07 02:12,2
U160,U166,2025-03-13 13:45,1
U099,U096,2025-02-15 11:05,5
U179,U180,2025-01-29 01:32,1
U086,U159,2025-02-04 21:52,3
U171,U170,2025-01-13 17:22,3
U091,U086,2025-01-17 12:03,4
U075,U189,2025-03-05 14:09,4
U063,U084,2025-02-04 13:30,3
U101,U094,2025-01-11 16:47,5
U072,U075,2025-02-20 09:42,1
U119,U182,2025-01-20 09:59,4
U039,U047,2025-02-15 18:44,2
U084,U097,2025-01-15 08:43,4
U040,U045,2025-02-13 22:54,5
U168,U152,2025-03-14 07:21,3
U029,U050,2025-01-23 22:16,3
U019,U021,2025-03-03 23:57,4
U085,U111,2025-01-10 23:26,1
U092,U099,2025-02-17 13:19,5
U090,U087,2025-02-05 22:26,4
U062,U051,2025-02-14 06:37,1
U029,U049,2025-01-14 05:29,3
U182,U192,2025-02-14 06:58,3
U199,U198,2025-02-11 12:23,3
U023,U004,2025-01-03 09:20,3
U074,U058,2025-02-17 07:12,2
U143,U139,2025-03-29 13:47,4
U171,U156,2025-01-18 07:10,4
U090,U094,2025-02-09 10:22,4
U082,U084,2025-03-10 19:28,1
U062,U061,2025-01-19 06:30,4
U192,U196,2025-01-29 20:38,5
U169,U154,2025-02-02 00:03,3
U159,U045,2025-03-16 09:38,3
U152,U022,2025-03-03 12:14,2
U085,U079,2025-01-17 23:52,3
U164,U170,2025-01-13 21:10,5
U066,U071,2025-02-19 05:55,2
U185,U180,2025-01-18 08:43,3
U159,U014,2025-03-21 02:45,3
U125,U035,2025-01-19 02:15,4
U130,U168,2025-02-15 09:16,4
U173,U165,2025-02-14 19:34,2
U025,U008,2025-01-27 22:04,1
U106,U125,2025-02-11 23:02,5
U193,U192,2025-01-11 15:18,5
U143,U150,2025-01-05 02:53,4
U154,U174,2025-03-17 21:19,2
U015,U009,2025-02-02 01:28,1
U050,U033,2025-01-20 10:29,5
U156,U170,2025-01-14 00:09,2
U016,U146,2025-02-02 06:22,5
U061,U073,2025-01-27 23:16,3
U030,U050,2025-03-13 20:22,4
U071,U168,2025-01-12 21:11,2
U133,U150,2025-03-19 02:46,4
U121,U114,2025-02-04 11:34,4
U038,U042,2025-03-10 13:58,3
U140,U141,2025-01-31 02:58,5
U049,U040,2025-02-28 02:49,3
U137,U102,2025-01-21 03:51,4
U127,U069,2025-01-30 17:18,3
U069,U066,2025-03-14 02:04,3
U196,U013,2025-01-05 12:21,1
U176,U179,2025-03-26 22:22,2
U014,U007,2025-03-05 00:15,2
U078,U041,2025-03-21 22:12,3
U134,U128,2025-02-04 04:18,2
U124,U123,2025-03-11 01:49,2
U048,U029,2025-01-01 10:22,2
U069,U058,2025-02-17 14:44,4
U129,U139,2025-03-05 12:08,2
U088,U078,2025-03-08 20:22,1
U135,U130,2025-02-05 04:04,2
U053,U067,2025-02-21 14:31,1
U065,U062,2025-03-08 02:10,2
U064,U070,2025-03-04 19:49,4
U023,U026,2025-01-14 01:51,1
U162,U164,2025-01-29 23:02,2
U033,U043,2025-02-25 00:54,5
U125,U123,2025-01-03 18:35,3
U099,U088,2025-01-28 05:37,1
U091,U088,2025-01-11 14:17,2
U042,U026,2025-04-01 03:52,3
U034,U100,2025-03-20 16:28,5
U075,U066,2025-03-29 05:02,1
U026,U034,2025-01-20 23:17,1
U102,U130,2025-01-27 09:50,5
U173,U163,2025-01-08 20:03,5
U059,U053,2025-01-29 13:00,1
U080,U093,2025-01-31 01:47,4
U035,U048,2025-02-10 03:42,2
U039,U029,2025-02-11 14:24,5
U122,U124,2025-03-02 05:32,2
U073,U051,2025-01-16 05:53,4
U134,U133,2025-03-13 14:27,3
U074,U075,2025-03-21 20:06,3
U050,U026,2025-01-31 19:50,4
U034,U048,2025-03-31 02:01,5
U190,U192,2025-02-03 02:42,1
U062,U056,2025-01-24 13:18,1
U173,U186,2025-01-11 19:57,2
U002,U001,2025-01-23 14:13,1
U155,U156,2025-03-27 02:09,1
U158,U161,2025-01-23 22:20,4
U082,U070,2025-03-17 12:25,1
U042,U047,2025-03-24 10:19,1
U013,U003,2025-03-22 03:48,4
U199,U080,2025-01-31 02:59,1
U012,U007,2025-01-27 20:59,5
U090,U087,2025-02-24 04:34,4
U199,U051,2025-03-09 00:05,5
U080,U076,2025-03-27 04:51,4
U146,U148,2025-03-22 04:16,1
U001,U195,2025-03-02 03:54,4
U187,U079,2025-01-10 19:04,2
U089,U091,2025-03-29 19:44,1
U037,U183,2025-01-26 19:17,1
U092,U089,2025-03-06 03:01,3
U044,U029,2025-02-16 08:07,2
U153,U169,2025-02-22 00:25,1
U058,U060,2025-01-25 02:08,3
U101,U180,2025-03-18 01:18,3
U108,U103,2025-03-28 05:13,2
U030,U029,2025-01-16 07:04,4
U154,U168,2025-02-02 22:41,2
U184,U179,2025-01-09 13:31,2
U078,U181,2025-03-05 18:21,5
U130,U128,2025-03-07 01:32,2
U102,U132,2025-01-05 18:56,3
U051,U063,2025-03-20 02:54,4
U079,U090,2025-01-10 14:37,2
U025,U008,2025-01-13 05:33,2
U096,U176,2025-02-27 16:54,1
U103,U101,2025-01-07 04:50,2
U114,U033,2025-01-09 16:55,3
U177,U181,2025-03-26 10:47,5
U166,U151,2025-02-05 04:05,4
U081,U084,2025-01-26 19:21,4
U009,U158,2025-02-26 16:36,5
U116,U114,2025-03-22 16:27,5
U034,U038,2025-01-13 19:47,4
U096,U093,2025-03-14 16:22,1
U183,U092,2025-02-13 23:53,5
U144,U142,2025-01-30 14:33,4
U011,U020,2025-01-21 06:27,1
U200,U072,2025-01-06 15:59,4
U081,U079,2025-01-23 21:27,2
U025,U008,2025-02-22 17:37,4
U056,U058,2025-02-24 06:22,3
U179,U092,2025-03-25 12:37,5
U144,U130,2025-02-21 14:07,2
U127,U139,2025-01-29 11:08,2
U027,U033,2025-02-25 02:21,2
U176,U186,2025-03-25 21:10,5
U061,U073,2025-01-17 11:40,3
U069,U073,2025-03-25 19:42,2
U128,U137,2025-03-06 11:05,4
U135,U136,2025-01-13 18:04,2
U171,U166,2025-03-01 10:09,3
U133,U147,2025-02-23 22:34,2
U105,U106,2025-03-08 16:09,1
U147,U101,2025-03-19 18:30,5
U145,U133,2025-02-28 13:19,5
U180,U186,2025-03-10 04:13,1
U131,U146,2025-03-22 22:00,1
U172,U164,2025-03-08 17:08,3
U107,U108,2025-03-05 10:15,1
U049,U026,2025-01-05 17:10,4
U156,U164,2025-02-15 05:09,4
U154,U166,2025-03-14 03:00,5
U081,U090,2025-01-08 01:01,1
U134,U129,2025-01-08 02:05,3
U156,U174,2025-01-08 03:50,5
U024,U087,2025-02-24 09:40,5
U181,U008,2025-02-09 14:14,2
U156,U152,2025-01-10 13:12,3
U089,U098,2025-02-20 18:28,5
U110,U108,2025-01-10 01:31,1
U180,U177,2025-02-03 04:14,1
U122,U121,2025-02-24 23:11,4
U007,U006,2025-02-28 10:08,3
U122,U030,2025-01-29 09:36,4
U103,U121,2025-02-19 20:39,4
U162,U156,2025-02-10 21:48,1
U184,U183,2025-03-18 12:37,3
U075,U073,2025-03-03 02:06,1
U143,U139,2025-03-30 16:32,5
U013,U017,2025-02-08 10:30,5
U194,U183,2025-02-13 16:24,3
U017,U019,2025-03-24 07:04,5
U174,U159,2025-01-14 18:06,1
U115,U045,2025-03-28 17:15,2
U050,U033,2025-01-05 05:13,4
U157,U171,2025-01-14 19:02,5
U028,U038,2025-02-20 23:23,4
U117,U115,2025-03-25 19:34,1
U154,U164,2025-01-14 22:53,2
U029,U044,2025-03-13 06:56,1
U139,U134,2025-02-05 04:46,4
U177,U181,2025-01-26 09:39,4
U152,U163,2025-03-23 07:18,3
U024,U016,2025-03-26 03:35,3
U006,U087,2025-03-16 17:36,3
U198,U197,2025-01-10 06:33,2
U200,U186,2025-01-25 20:33,4
U032,U040,2025-01-20 13:47,4
U127,U142,2025-03-14 09:02,2
U155,U175,2025-03-19 19:40,5
U008,U045,2025-01-18 21:05,2
U064,U009,2025-02-11 21:07,1
U181,U051,2025-01-26 06:30,3
U130,U102,2025-02-28 04:04,1
U087,U091,2025-02-24 09:42,4
U194,U193,2025-02-02 04:03,3
U124,U123,2025-01-09 13:27,3
U006,U019,2025-03-13 07:33,2
U166,U058,2025-03-04 00:26,2
U167,U151,2025-03-21 00:48,1
U071,U056,2025-02-25 01:12,1
U123,U121,2025-01-26 09:34,4
U090,U118,2025-01-24 06:29,2
U169,U154,2025-01-02 00:03,5
U096,U144,2025-03-01 06:08,5
U122,U104,2025-02-14 04:22,1
U121,U111,2025-03-20 17:57,3
U107,U105,2025-02-17 10:02,2
U154,U104,2025-03-02 10:57,3
U021,U016,2025-01-28 05:45,3
U104,U100,2025-03-09 09:24,1
U086,U099,2025-03-07 06:22,2
U197,U187,2025-02-16 12:14,3
U169,U143,2025-01-17 19:41,3
U074,U059,2025-03-08 08:11,5
U072,U061,2025-03-01 21:38,1
U099,U085,2025-02-08 14:32,3
U115,U104,2025-02-13 03:54,1
U150,U149,2025-03-28 06:51,5
U092,U079,2025-03-21 07:04,4
U152,U155,2025-01-13 20:04,2
U180,U186,2025-03-20 19:55,2
U186,U196,2025-04-01 03:20,2
U001,U015,2025-01-26 05:31,2
U069,U075,2025-01-15 18:06,4
U030,U045,2025-02-09 19:27,4
U188,U176,2025-01-04 18:24,5
U126,U136,2025-03-11 05:21,5
U021,U024,2025-01-23 23:33,2
U135,U130,2025-01-10 16:22,4
U106,U103,2025-03-17 07:42,1
U115,U124,2025-02-17 16:35,5
U172,U155,2025-02-01 12:42,4
U081,U088,2025-01-03 01:46,2
U057,U074,2025-01-03 07:52,5
U037,U048,2025-03-01 13:07,1
U125,U118,2025-02-27 01:15,1
U022,U004,2025-03-01 19:44,1
U039,U040,2025-02-04 22:40,1
U198,U180,2025-01-20 00:54,1
U047,U042,2025-01-25 21:46,5
U064,U054,2025-02-16 21:34,5
U029,U041,2025-01-19 09:57,5
U117,U107,2025-02-02 21:53,4
U018,U016,2025-03-25 04:42,2
U186,U183,2025-01-01 13:58,1
U044,U047,2025-02-15 07:23,2
U200,U131,2025-01-08 03:56,1
U165,U060,2025-02-11 21:47,3
U004,U006,2025-03-21 21:35,1
U093,U174,2025-01-29 19:07,4
U050,U027,2025-01-02 05:07,2
U061,U062,2025-03-23 18:07,4
U069,U188,2025-01-09 19:03,3
U047,U030,2025-02-06 19:30,4
U070,U099,2025-03-05 03:06,4
U054,U055,2025-03-05 16:48,1
U041,U027,2025-02-08 04:49,5
U181,U195,2025-02-04 21:34,3
U066,U054,2025-03-23 02:58,4
U034,U046,2025-01-29 22:27,1
U097,U086,2025-02-17 13:59,5
U039,U047,2025-03-08 11:23,2
U155,U168,2025-03-23 12:44,5
U067,U066,2025-03-19 20:56,4
U020,U193,2025-02-15 02:01,3
U102,U117,2025-01-21 14:30,5
U158,U153,2025-02-12 02:54,4
U115,U023,2025-03-20 07:14,4
U041,U049,2025-03-01 19:18,1
U152,U168,2025-02-20 07:31,1
U155,U159,2025-02-28 08:43,3
U144,U053,2025-03-01 21:59,4
U094,U014,2025-03-16 15:51,2
U085,U144,2025-03-12 04:26,5
U148,U140,2025-01-11 17:05,1
U076,U086,2025-02-02 15:48,3
U148,U129,2025-01-05 12:00,2
U154,U159,2025-02-25 22:25,2
U157,U165,2025-03-17 09:15,2
U050,U039,2025-01-05 13:34,5
U190,U197,2025-02-23 23:22,5
U176,U192,2025-03-09 08:17,1
U169,U166,2025-03-26 11:19,5
U073,U069,2025-01-17 03:20,2
U142,U138,2025-02-08 10:35,5
U196,U064,2025-01-26 05:40,4
U076,U116,2025-03-15 14:06,2
U123,U118,2025-03-20 16:14,3
U082,U095,2025-03-07 08:35,3
U073,U071,2025-03-31 02:18,2
U148,U129,2025-03-11 13:56,3
U172,U174,2025-03-23 16:40,5
U151,U167,2025-01-11 00:35,1
U022,U002,2025-01-19 12:41,3
U060,U072,2025-01-24 03:21,2
U177,U076,2025-01-19 21:38,5
U179,U195,2025-03-21 08:15,5
U191,U166,2025-02-21 10:06,4
U123,U122,2025-01-05 14:37,4
U143,U127,2025-01-02 12:19,3
U183,U196,2025-03-06 11:17,3
U100,U099,2025-03-30 02:31,2
U072,U053,2025-01-18 08:27,2
U038,U027,2025-02-09 08:05,3
U056,U069,2025-03-19 08:08,3
U198,U180,2025-01-04 23:15,2
U153,U014,2025-03-12 18:05,5
U078,U126,2025-03-14 05:34,5
U048,U036,2025-02-18 03:44,2
U134,U018,2025-03-13 21:36,5
U153,U162,2025-01-21 11:12,2
U137,U135,2025-01-21 05:12,5
U004,U022,2025-02-01 19:51,4
U077,U097,2025-03-22 22:45,3
U038,U034,2025-02-19 12:09,3
U142,U140,2025-02-14 15:26,1
U086,U092,2025-01-08 19:53,1
U021,U003,2025-01-20 12:27,2
U109,U027,2025-01-20 01:05,5
U190,U199,2025-02-09 22:47,1
U051,U065,2025-03-07 14:01,3
U027,U031,2025-03-14 14:59,3
U084,U089,2025-02-05 15:40,4
U161,U151,2025-02-05 18:52,1
U050,U049,2025-02-23 15:16,1
U037,U042,2025-01-10 23:51,3
U120,U103,2025-01-26 22:59,4
U016,U006,2025-02-18 21:22,2
U168,U160,2025-03-29 17:26,2
U126,U143,2025-03-21 22:57,5
U001,U019,2025-02-24 15:24,4
U035,U032,2025-03-10 10:40,3
U056,U058,2025-02-26 11:36,3
U072,U069,2025-03-19 21:46,1
U141,U119,2025-03-01 00:18,5
U034,U029,2025-01-19 07:15,5
U137,U130,2025-03-03 10:28,2
U032,U036,2025-02-14 13:22,4
U123,U119,2025-01-15 04:54,5
U139,U131,2025-01-01 18:33,3
U098,U099,2025-02-28 15:55,4
U130,U147,2025-03-09 01:12,3
U119,U115,2025-02-02 23:40,3
U031,U046,2025-02-25 13:11,1
U036,U138,2025-01-19 05:06,3
U049,U028,2025-03-23 12:50,1
U162,U008,2025-03-16 07:14,5
U077,U093,2025-01-25 01:19,5
U139,U121,2025-03-01 20:29,2
U100,U094,2025-03-09 01:45,3
U038,U037,2025-02-16 01:00,1
U075,U067,2025-01-14 02:38,4
U074,U066,2025-03-27 19:39,3
U183,U178,2025-01-25 09:29,3
U092,U087,2025-02-05 15:48,4
U012,U011,2025-03-31 14:07,3
U124,U109,2025-02-23 00:02,5
U171,U163,2025-02-03 14:00,5
U042,U034,2025-02-04 14:06,2
U137,U141,2025-03-14 11:35,4
U002,U129,2025-03-22 14:49,2
U078,U092,2025-02-28 21:41,3
U056,U062,2025-02-25 03:08,1
U161,U174,2025-01-11 15:35,4
U182,U194,2025-01-16 00:14,4
U005,U019,2025-02-24 06:00,2
U019,U005,2025-01-06 10:08,2
U067,U063,2025-02-24 21:18,5
U103,U107,2025-02-11 05:17,5
U124,U044,2025-01-21 07:12,4
U070,U072,2025-02-16 19:52,3
U140,U145,2025-02-24 02:10,1
U155,U154,2025-01-02 20:10,2
U155,U170,2025-01-10 02:22,2
U018,U017,2025-03-10 19:36,1
U070,U068,2025-03-17 15:44,1
U199,U174,2025-03-01 10:16,4
U127,U148,2025-02-18 13:24,4
U200,U188,2025-02-02 05:43,5
U195,U179,2025-02-22 18:33,1
U116,U125,2025-01-22 11:55,1
U159,U157,2025-01-01 19:56,1
U042,U026,2025-02-04 11:15,2
U139,U137,2025-01-11 00:50,2
U109,U118,2025-02-08 21:17,5
U122,U113,2025-03-11 01:15,2
U181,U187,2025-02-21 05:21,5
U119,U112,2025-03-12 19:15,4
U049,U033,2025-02-10 23:36,2
U161,U168,2025-02-26 05:21,1
U003,U005,2025-02-13 06:22,5
U034,U033,2025-02-04 02:06,1
U163,U170,2025-03-02 01:26,5
U025,U006,2025-02-28 14:44,4
U097,U092,2025-01-27 08:47,2
U095,U081,2025-03-03 16:25,1
U006,U003,2025-01-26 10:47,4
U163,U169,2025-01-19 13:35,5
U028,U043,2025-01-27 05:29,5
U090,U089,2025-03-30 00:20,3
U090,U088,2025-02-22 15:54,1
U167,U154,2025-02-21 04:20,1
U129,U142,2025-03-29 09:57,3
U148,U065,2025-03-05 12:29,4
U145,U124,2025-03-12 10:01,2
U197,U190,2025-03-23 22:29,5
U124,U030,2025-01-24 19:12,1
U097,U098,2025-01-22 06:17,3
U142,U143,2025-01-02 05:14,3
U038,U047,2025-03-10 11:45,3
U066,U061,2025-02-02 12:18,2
U069,U047,2025-03-28 13:00,2
U083,U099,2025-01-23 08:46,3
U083,U095,2025-02-02 17:45,2
U028,U047,2025-03-29 07:55,4
U016,U012,2025-02-26 19:52,3
U116,U106,2025-03-31 22:26,5
U100,U094,2025-01-13 00:09,1
U166,U168,2025-01-04 07:08,5
U065,U054,2025-03-05 21:20,5
U001,U022,2025-01-20 12:23,4
U137,U145,2025-03-20 18:43,3
U108,U109,2025-02-13 05:40,5
U066,U064,2025-01-20 11:54,4
U137,U138,2025-01-26 18:51,4
U069,U072,2025-01-22 03:18,1
U093,U089,2025-03-20 06:38,4
U066,U051,2025-01-17 09:48,4
U141,U135,2025-01-24 04:15,5
U013,U102,2025-01-10 08:12,2
U116,U121,2025-01-10 02:22,4
U112,U118,2025-02-21 01:51,3
U154,U162,2025-03-21 06:47,5
U075,U060,2025-02-02 15:44,3
U200,U199,2025-02-11 00:20,1
U115,U121,2025-03-29 09:42,2
U164,U087,2025-02-08 17:28,5
U028,U031,2025-02-01 14:39,2
U123,U109,2025-02-25 10:29,4
U200,U187,2025-03-10 09:48,5
U189,U181,2025-01-18 01:42,1
U097,U084,2025-03-27 22:25,1
U154,U153,2025-03-27 14:27,4
U025,U013,2025-02-18 00:39,1
U053,U071,2025-03-27 03:05,4
U099,U085,2025-02-10 16:05,2
U051,U052,2025-03-02 17:32,3
U084,U122,2025-02-12 20:35,5
U141,U114,2025-01-13 15:09,5
U196,U199,2025-02-28 05:02,5
U112,U116,2025-02-19 10:55,2
U114,U079,2025-02-03 15:03,4
U101,U117,2025-03-16 13:13,2
U193,U176,2025-03-04 22:27,4
U123,U077,2025-01-02 03:57,4
U076,U093,2025-02-04 08:14,2
U163,U158,2025-01-16 04:40,4
U057,U068,2025-01-08 13:02,4
U110,U121,2025-03-09 22:56,5
U106,U049,2025-03-20 00:27,1
U104,U121,2025-02-11 18:42,5
U182,U186,2025-01-03 02:22,2
U006,U004,2025-01-27 00:17,3
U199,U176,2025-01-22 12:34,1
U182,U186,2025-02-08 14:02,3
U187,U190,2025-03-05 18:28,1
U052,U059,2025-03-12 22:26,4
U181,U182,2025-03-23 20:41,3
U004,U032,2025-03-31 01:02,2
U183,U199,2025-01-04 09:12,2
U042,U047,2025-03-31 17:27,2
U111,U106,2025-02-27 14:25,1
U034,U041,2025-02-28 10:52,3
U022,U007,2025-03-30 22:08,1
U161,U151,2025-01-16 13:36,3
U158,U151,2025-03-30 12:27,1
U198,U195,2025-01-15 10:35,3
U081,U091,2025-01-09 15:40,5
U002,U012,2025-03-01 00:05,2
U030,U041,2025-01-22 12:17,3
U166,U194,2025-02-01 22:43,4
U023,U013,2025-02-02 22:25,2
U016,U023,2025-02-10 03:44,5
U182,U194,2025-01-18 07:41,5
U184,U195,2025-03-25 13:41,5
U065,U060,2025-03-16 22:02,3
U176,U200,2025-02-28 09:47,5
U051,U070,2025-03-20 07:46,3
U086,U099,2025-01-07 02:22,5
U049,U135,2025-03-04 12:31,4
U070,U060,2025-01-30 16:43,4
U029,U042,2025-03-02 07:22,1
U056,U052,2025-01-19 17:26,1
U027,U044,2025-02-28 17:55,4
U102,U112,2025-01-21 10:10,5
U007,U021,2025-02-15 01:29,1
U012,U018,2025-03-10 00:09,4
U182,U015,2025-03-17 07:16,5
U024,U003,2025-03-18 06:53,3
U092,U079,2025-01-10 13:07,2
U082,U092,2025-03-02 02:58,2
U068,U074,2025-02-21 03:16,4
U147,U140,2025-03-06 06:44,4
U043,U047,2025-02-20 09:25,4
U068,U070,2025-02-10 15:46,3
U141,U084,2025-03-19 05:36,3
U174,U161,2025-02-25 17:05,2
U088,U100,2025-02-20 10:00,3
U190,U188,2025-01-01 08:25,1
U153,U005,2025-02-17 10:44,2
U078,U002,2025-01-28 16:05,2
U126,U150,2025-03-17 03:33,3
U131,U143,2025-02-22 06:38,5
U015,U012,2025-01-15 13:01,2
U083,U084,2025-03-16 03:49,3
U169,U157,2025-03-09 04:01,1
U181,U191,2025-03-17 11:46,5
U025,U153,2025-02-28 19:01,3
U153,U175,2025-01-06 10:09,3
U164,U154,2025-03-21 12:04,2
U021,U025,2025-02-27 21:02,4
U011,U018,2025-02-21 18:04,2
U080,U077,2025-03-03 15:34,4
U193,U153,2025-02-22 16:39,5
U160,U163,2025-01-14 19:20,2
U194,U199,2025-01-05 19:43,5
U038,U042,2025-02-09 21:09,2
U193,U182,2025-02-14 17:44,4
U093,U095,2025-03-09 07:05,5
U034,U050,2025-02-09 11:29,3
U029,U047,2025-02-07 23:29,4
U086,U087,2025-02-24 09:20,1
U062,U070,2025-03-17 02:46,4
U177,U183,2025-01-19 12:13,3
U029,U049,2025-01-06 07:08,2
U038,U074,2025-01-02 14:00,3
U035,U040,2025-02-13 05:19,1
U082,U093,2025-02-17 23:05,3
U073,U072,2025-01-03 00:10,4
U009,U006,2025-01-06 19:18,3
U102,U115,2025-03-01 22:20,1
U122,U112,2025-03-21 00:03,1
U158,U163,2025-02-16 14:55,1
U125,U153,2025-02-18 17:12,1
U193,U198,2025-01-03 06:56,1
U111,U116,2025-02-06 03:23,2
U137,U146,2025-01-28 20:26,2
U129,U071,2025-03-16 05:36,1
U151,U168,2025-03-28 17:22,3
U138,U147,2025-01-13 19:51,1
U089,U083,2025-02-22 11:30,2
U120,U111,2025-02-11 05:13,5
U069,U068,2025-03-04 14:19,2
U080,U177,2025-03-06 12:23,5
U111,U198,2025-01-14 13:05,5
U082,U018,2025-02-21 01:31,5
U031,U048,2025-01-30 05:48,2
U139,U135,2025-02-10 15:45,3
U079,U080,2025-01-18 03:35,1
U120,U119,2025-02-26 01:43,2
U097,U076,2025-02-03 00:49,1
U180,U192,2025-03-19 08:25,5
U131,U138,2025-02-15 01:34,4
U083,U077,2025-02-07 12:34,1
U106,U057,2025-03-09 21:43,2
U031,U040,2025-03-21 06:16,5
U140,U133,2025-02-09 06:00,4
U174,U161,2025-02-06 05:02,5
U147,U153,2025-02-19 03:15,5
U017,U004,2025-02-11 10:33,4
U011,U063,2025-02-17 13:07,5
U018,U013,2025-02-17 07:29,1
U188,U185,2025-03-12 18:07,3
U160,U170,2025-03-25 23:39,1
U065,U071,2025-02-11 10:44,1
U031,U050,2025-02-23 14:55,5
U161,U165,2025-01-03 14:25,2
U090,U078,2025-01-24 02:18,3
U073,U074,2025-01-12 13:53,1
U196,U187,2025-01-09 02:21,5
U063,U068,2025-02-04 23:26,1
U144,U147,2025-03-20 20:32,2
U056,U075,2025-03-07 03:29,1
U124,U125,2025-03-29 19:15,4
U054,U055,2025-03-29 18:05,2
U101,U115,2025-02-15 15:05,4
U020,U016,2025-01-22 23:39,2
U190,U189,2025-02-10 13:17,1
U008,U018,2025-01-26 15:32,5
U077,U081,2025-01-14 19:52,1
U005,U002,2025-03-03 01:04,5
U077,U085,2025-03-26 02:36,1
U156,U172,2025-01-27 05:14,5
U065,U074,2025-02-23 00:46,3
U024,U197,2025-01-28 13:49,3
U153,U175,2025-02-09 05:30,5
U180,U179,2025-03-05 13:25,3
U167,U157,2025-03-05 16:03,2
U044,U049,2025-03-31 11:25,5
U124,U186,2025-03-05 00:23,5
U181,U074,2025-02-09 04:54,5
U067,U135,2025-02-22 16:25,5
U070,U069,2025-02-15 12:23,5
U191,U181,2025-03-22 18:23,5
U107,U101,2025-01-12 02:13,1
U049,U032,2025-03-15 02:40,5
U106,U012,2025-01-31 17:10,3
U076,U096,2025-01-19 15:30,3
U035,U042,2025-02-20 09:28,3
U047,U036,2025-02-01 09:42,4
U006,U007,2025-01-31 10:01,3
U123,U122,2025-03-14 21:37,1
U180,U196,2025-02-12 06:14,5
U119,U106,2025-03-26 18:47,1
U077,U145,2025-03-08 07:42,3
U007,U019,2025-03-04 17:28,3
U128,U130,2025-01-26 20:40,1
U171,U168,2025-03-19 00:15,2
U156,U170,2025-01-11 23:15,3
U148,U127,2025-01-26 01:05,4
U087,U090,2025-03-17 19:58,3
U106,U104,2025-02-04 09:29,1
U040,U042,2025-01-03 14:28,4
U040,U049,2025-02-01 06:59,4
U125,U111,2025-01-14 09:01,1
U133,U174,2025-01-13 09:55,2
U188,U198,2025-03-21 01:12,5
U102,U122,2025-03-19 12:45,5
U086,U120,2025-03-23 06:27,1
U101,U119,2025-03-11 08:57,3
U086,U082,2025-01-18 20:37,3
U150,U140,2025-03-03 10:05,1
U059,U054,2025-01-02 17:19,5
U032,U043,2025-02-02 05:16,5
U073,U060,2025-02-22 14:06,2
U120,U111,2025-02-19 12:54,4
U016,U022,2025-01-05 22:13,1
U039,U038,2025-01-17 14:59,5
U162,U177,2025-03-05 23:47,4
U111,U107,2025-03-07 05:21,5
U194,U180,2025-01-09 18:58,4
U122,U121,2025-03-06 23:29,4
U080,U095,2025-01-24 19:43,3
U136,U140,2025-02-14 16:58,1
U037,U041,2025-02-12 07:35,2
U145,U144,2025-01-12 22:17,5
U036,U043,2025-03-01 10:44,1
U188,U194,2025-02-07 23:10,2
U066,U063,2025-01-07 08:18,3
U164,U169,2025-03-13 23:56,3
U081,U097,2025-03-03 06:46,1
U179,U194,2025-02-24 14:08,4
U040,U031,2025-01-29 08:54,4
U047,U045,2025-03-12 13:01,4
U003,U007,2025-03-16 16:50,2
U194,U163,2025-03-16 01:07,1
U065,U068,2025-01-27 20:47,4
U182,U197,2025-03-22 04:45,3
U114,U123,2025-03-31 18:28,3
U150,U003,2025-02-25 23:49,5
U060,U052,2025-02-03 22:34,5
U001,U181,2025-02-21 07:24,3
U101,U108,2025-02-09 15:05,5
U148,U138,2025-02-07 06:59,4
U097,U081,2025-02-13 13:22,2
U162,U164,2025-01-15 09:00,3
U172,U033,2025-01-13 13:20,1
U005,U024,2025-03-22 21:04,4
U053,U055,2025-02-28 19:00,4
U179,U155,2025-03-27 00:17,4
U192,U189,2025-02-20 13:58,4
U081,U089,2025-02-25 08:42,1
U098,U092,2025-01-25 20:11,4
U148,U094,2025-01-04 09:05,1
U129,U144,2025-02-14 03:55,1
U115,U117,2025-01-08 10:54,5
U023,U063,2025-02-13 08:05,1
U120,U102,2025-03-24 13:54,3
U016,U015,2025-02-16 23:55,4
U139,U137,2025-03-29 18:25,3
U023,U020,2025-03-10 13:08,3
U102,U121,2025-02-13 09:38,5
U022,U010,2025-03-15 23:03,5
U178,U180,2025-02-16 08:29,1
U072,U065,2025-01-13 09:32,5
U101,U124,2025-01-11 11:41,5
U072,U065,2025-02-03 23:46,2
U091,U081,2025-03-15 02:15,5
U088,U022,2025-03-30 09:11,2
U066,U075,2025-02-07 22:05,4
U199,U196,2025-01-16 13:26,2
U127,U146,2025-01-25 09:34,1
U188,U191,2025-01-28 18:20,4
U088,U097,2025-03-06 13:25,4
U067,U064,2025-01-02 09:54,3
U115,U098,2025-03-04 02:11,3
U175,U011,2025-01-10 04:41,5
U170,U171,2025-03-20 11:06,3
U104,U109,2025-03-01 21:26,5
U099,U097,2025-02-23 22:05,2
U061,U068,2025-01-02 07:06,1
U004,U106,2025-01-10 05:25,5
U187,U183,2025-03-08 08:20,3
U001,U020,2025-01-09 16:50,1
U169,U056,2025-03-28 20:22,5
U028,U045,2025-01-13 03:47,4
U054,U073,2025-01-18 02:31,3
U046,U040,2025-03-26 07:39,3
U134,U131,2025-03-13 09:32,1
U013,U011,2025-01-06 19:12,3
U068,U046,2025-02-10 10:27,1
U095,U088,2025-01-17 13:48,4
U157,U170,2025-02-28 21:23,1
U184,U067,2025-01-10 17:38,1
U125,U115,2025-01-03 00:59,4
U002,U022,2025-02-05 21:01,3
U138,U144,2025-01-01 16:05,5
U191,U189,2025-02-07 02:21,1
U013,U023,2025-03-16 18:53,4
U136,U147,2025-01-28 21:32,4
U037,U043,2025-03-20 00:09,3
U200,U185,2025-03-01 07:07,2
U013,U022,2025-01-18 17:15,3
U046,U048,2025-02-03 00:49,4
U199,U182,2025-01-14 01:42,1
U091,U088,2025-01-07 01:36,5
U193,U190,2025-03-30 07:30,1
U011,U024,2025-01-05 05:31,4
U197,U193,2025-01-14 21:23,5
U027,U049,2025-01-14 05:18,4
U195,U177,2025-01-23 10:08,2
U010,U004,2025-02-11 20:33,5
U029,U041,2025-02-24 11:44,5
U089,U086,2025-03-16 04:47,4
U061,U057,2025-03-11 21:28,1
U128,U129,2025-01-26 06:19,2
U073,U062,2025-02-20 16:56,2
U005,U004,2025-03-14 08:04,5
U051,U066,2025-01-08 16:20,1
U048,U046,2025-02-24 09:01,3
U198,U180,2025-01-20 02:21,2
U189,U183,2025-03-27 17:17,2
U020,U006,2025-03-07 14:44,4
U046,U035,2025-02-01 23:53,4
U082,U079,2025-04-01 03:16,5
U159,U093,2025-03-20 20:39,5
U200,U196,2025-03-02 08:19,2
U079,U080,2025-03-04 16:56,4
U072,U052,2025-01-06 06:01,3
U159,U161,2025-02-26 11:27,4
U018,U006,2025-01-15 17:15,1
U028,U033,2025-03-07 23:55,4
U139,U132,2025-03-10 08:02,3
U036,U033,2025-01-10 06:13,2
U088,U083,2025-01-08 00:37,4
U014,U005,2025-01-21 00:13,5
U162,U155,2025-02-11 23:56,2
U107,U111,2025-01-12 21:53,1
U009,U005,2025-01-11 10:43,4
U075,U061,2025-01-21 08:16,3
U069,U068,2025-03-20 03:47,2
U182,U194,2025-02-13 10:21,4
U174,U158,2025-01-23 21:23,3
U094,U080,2025-03-25 12:07,5
U107,U012,2025-01-04 23:30,4
U014,U017,2025-02-06 05:24,4
U179,U026,2025-02-11 12:22,4
U023,U024,2025-02-07 08:16,2
U108,U121,2025-01-09 14:12,1
U106,U123,2025-02-12 03:19,5
U015,U025,2025-01-13 22:49,4
U146,U140,2025-03-06 09:41,1
U019,U099,2025-03-23 15:44,3
U114,U125,2025-01-25 21:21,5
U097,U078,2025-02-26 19:24,3
U017,U022,2025-02-03 11:08,1
U140,U145,2025-01-05 01:17,3
U043,U048,2025-03-12 17:54,2
U133,U143,2025-01-11 16:04,4
U100,U099,2025-03-11 14:10,2
U117,U122,2025-02-08 19:54,3
U137,U140,2025-02-14 14:10,5
U041,U048,2025-02-18 17:57,5
U116,U159,2025-02-03 20:13,1
U178,U188,2025-03-24 01:35,2
U029,U031,2025-01-26 10:48,1
U180,U182,2025-02-17 17:27,1
U066,U062,2025-02-08 13:47,4
U010,U007,2025-01-07 01:30,1
U060,U134,2025-03-01 00:18,3
U146,U136,2025-02-14 14:00,5
U190,U185,2025-02-21 23:10,2
U079,U044,2025-03-14 04:10,3
U135,U150,2025-03-19 07:03,1
U115,U106,2025-02-26 15:25,2
U106,U123,2025-03-05 09:34,2
U027,U036,2025-02-22 15:04,2
U131,U132,2025-02-21 12:46,1
U130,U137,2025-02-11 03:36,5
U137,U078,2025-01-12 09:23,1
U200,U180,2025-03-28 14:28,4
U040,U002,2025-03-30 15:19,5
U085,U166,2025-03-06 13:04,3
U125,U119,2025-03-03 00:50,2
U186,U198,2025-01-11 13:21,4
U036,U174,2025-02-20 11:35,1
U170,U158,2025-02-10 22:14,3
U020,U021,2025-01-19 02:18,5
U107,U101,2025-01-08 22:36,5
U174,U172,2025-03-29 11:57,1
U101,U050,2025-02-14 23:26,3
U022,U012,2025-02-06 12:28,2
U162,U163,2025-02-04 06:27,1
U135,U140,2025-03-21 21:56,5
U199,U189,2025-03-15 11:40,4
U174,U164,2025-01-14 00:53,5
U057,U060,2025-02-13 12:48,5
U017,U152,2025-03-11 03:45,4
U171,U159,2025-02-08 01:31,2
U057,U056,2025-03-18 02:09,4
U177,U185,2025-03-18 07:10,5
U183,U176,2025-03-14 08:26,1
U121,U116,2025-01-12 15:16,3
U198,U196,2025-01-23 14:39,1
U116,U103,2025-02-24 20:17,3
U159,U171,2025-03-04 18:23,4
U031,U096,2025-02-16 23:37,5
U106,U119,2025-01-06 15:49,2
U062,U056,2025-01-06 03:32,3
U127,U135,2025-01-27 21:08,5
U042,U032,2025-03-12 02:19,2
U068,U061,2025-03-21 17:52,3
U176,U078,2025-01-26 01:00,3
U130,U126,2025-01-13 19:10,5
U189,U186,2025-03-26 03:45,2
U067,U058,2025-03-18 00:36,2
U039,U040,2025-03-25 17:06,1
U051,U066,2025-02-02 00:40,3
U065,U070,2025-02-17 22:46,3
U101,U124,2025-03-16 11:27,1
U073,U058,2025-01-29 07:35,2
U039,U048,2025-03-11 18:51,1
U200,U189,2025-01-05 04:52,2
U016,U004,2025-03-25 00:42,3
U122,U101,2025-03-11 00:20,1
U094,U082,2025-01-18 03:39,3
U074,U059,2025-03-28 16:40,5
U067,U075,2025-03-08 15:33,5
U029,U044,2025-03-11 19:19,1
U085,U081,2025-03-24 09:42,5
U032,U042,2025-03-19 19:41,4
U065,U072,2025-03-29 12:13,1
U138,U139,2025-01-20 20:05,5
U050,U036,2025-01-12 14:02,4
U066,U075,2025-02-03 05:09,3
U003,U011,2025-02-15 06:31,1
U195,U199,2025-01-29 17:35,4
U160,U164,2025-01-18 12:24,1
U122,U174,2025-02-03 18:41,2
U197,U179,2025-02-06 09:52,4
U029,U030,2025-02-06 06:28,4
U049,U031,2025-01-07 05:21,3
U087,U052,2025-02-24 11:42,4
U174,U166,2025-01-26 16:25,5
U162,U166,2025-03-03 00:22,5
U125,U131,2025-01-26 17:14,2
U029,U034,2025-02-14 20:58,4
U051,U054,2025-03-09 11:44,1
U128,U174,2025-01-03 18:26,2
U130,U135,2025-02-26 22:42,5
U047,U050,2025-02-17 15:50,4
U085,U097,2025-02-15 15:40,4
U143,U126,2025-03-29 00:56,1
U031,U099,2025-02-11 07:17,3
U114,U118,2025-01-04 14:36,1
U123,U106,2025-02-15 01:39,4
U166,U175,2025-01-11 06:56,5
U191,U193,2025-03-20 02:21,2
U159,U166,2025-02-24 03:09,4
U150,U135,2025-01-30 12:06,1
U005,U012,2025-02-02 02:07,5
U138,U129,2025-02-09 07:18,3
U106,U090,2025-01-06 11:18,2
U119,U103,2025-03-25 04:46,1
U030,U087,2025-01-16 18:53,1
U015,U022,2025-03-20 22:03,4
U159,U151,2025-03-05 16:20,4
U138,U144,2025-02-05 20:37,3
U179,U198,2025-03-03 18:48,2
U131,U145,2025-01-28 14:18,3
U052,U128,2025-02-28 04:08,1
U138,U055,2025-01-27 11:44,3
U158,U170,2025-03-09 22:51,1
U044,U036,2025-01-26 05:10,1
U189,U182,2025-02-01 22:43,1
U117,U110,2025-02-09 17:42,5
U163,U159,2025-02-27 05:15,5
U051,U071,2025-03-06 08:27,5
U148,U128,2025-01-20 17:12,4
U169,U174,2025-02-27 09:10,1
U140,U130,2025-01-23 05:06,2
U114,U111,2025-03-20 15:06,1
U159,U160,2025-03-01 03:18,2
U088,U083,2025-01-11 16:04,2
U085,U090,2025-02-14 12:20,5
U109,U166,2025-03-24 18:26,1
U105,U101,2025-01-24 20:28,3
U071,U052,2025-03-30 01:25,4
U003,U011,2025-02-25 02:12,3
U105,U094,2025-03-03 11:17,1
U058,U054,2025-02-22 07:18,5
U134,U171,2025-03-17 18:56,5
U135,U065,2025-02-15 12:30,1
U050,U036,2025-01-31 07:20,5
U089,U082,2025-01-14 11:10,1
U115,U114,2025-01-24 11:32,5
U148,U129,2025-01-30 03:22,5
U084,U080,2025-02-03 08:58,4
U101,U121,2025-03-30 08:01,5
U023,U022,2025-01-23 03:34,3
U121,U123,2025-02-03 08:40,1
U090,U088,2025-01-02 01:11,4
U066,U078,2025-01-09 13:09,2
U065,U071,2025-01-30 04:53,4
U103,U125,2025-03-27 22:32,4
U161,U173,2025-02-08 18:40,1
U179,U067,2025-02-16 10:06,1
U140,U148,2025-01-03 19:44,1
U071,U065,2025-03-14 08:00,2
U096,U085,2025-01-29 21:20,5
U058,U067,2025-03-07 06:48,2
U176,U106,2025-03-14 11:33,3
U059,U056,2025-03-04 21:47,5
U073,U051,2025-01-09 00:22,4
U163,U169,2025-01-21 18:23,1
U143,U166,2025-02-26 00:56,2
U119,U051,2025-01-25 03:52,2
U170,U159,2025-01-14 22:02,1
U044,U146,2025-01-12 00:21,1
U175,U165,2025-03-17 15:10,4
U082,U084,2025-01-27 13:03,4
U157,U170,2025-01-20 22:54,3
U089,U081,2025-02-07 12:26,2
U108,U120,2025-02-11 09:10,2
U178,U176,2025-02-13 00:17,2
U178,U102,2025-03-04 20:27,2
U174,U170,2025-01-24 15:44,1
U002,U011,2025-03-27 01:56,2
U145,U147,2025-03-30 08:54,5
U001,U009,2025-02-16 06:11,5
U172,U162,2025-01-13 08:52,5
U059,U056,2025-02-16 04:27,4
U120,U034,2025-01-09 11:50,3
U155,U159,2025-01-11 23:14,3
U066,U059,2025-03-10 09:38,3
U073,U068,2025-02-26 02:58,3
U156,U161,2025-03-09 09:42,4
U068,U072,2025-02-28 06:47,4
U052,U058,2025-01-18 00:04,1
U073,U065,2025-02-10 01:23,1
U127,U011,2025-02-10 12:30,3
U144,U125,2025-02-11 23:59,4
U054,U062,2025-01-09 20:25,2
U047,U044,2025-03-10 14:15,5
U145,U170,2025-02-23 15:25,2
U017,U025,2025-02-22 06:54,2
U033,U050,2025-02-15 16:08,1
U007,U073,2025-03-04 08:20,1
U036,U030,2025-01-03 23:04,1
U190,U196,2025-03-29 06:40,3
U011,U002,2025-03-02 01:25,5
U084,U188,2025-03-09 04:08,5
U021,U010,2025-01-30 17:58,1
U153,U163,2025-01-24 13:24,2
U153,U151,2025-03-19 21:58,2
U160,U171,2025-03-10 19:59,2
U189,U199,2025-03-15 17:30,3
U155,U034,2025-02-03 00:20,1
U132,U052,2025-02-14 21:35,4
U122,U069,2025-02-21 14:01,5
U162,U170,2025-01-18 07:06,4
U027,U042,2025-02-01 10:33,4
U066,U067,2025-02-27 15:17,5
U189,U178,2025-03-24 21:49,4
U072,U060,2025-03-18 22:22,2
U119,U102,2025-02-20 11:39,1
U132,U028,2025-02-16 19:32,4
U197,U199,2025-02-22 01:51,3
U050,U042,2025-01-02 19:32,1
U181,U188,2025-01-05 10:52,1
U111,U119,2025-03-08 05:48,4
U195,U184,2025-02-01 09:39,2
U049,U045,2025-01-24 22:29,1
U001,U013,2025-01-11 22:53,1
U190,U198,2025-02-07 04:56,5
U120,U112,2025-03-05 04:46,4
U023,U033,2025-01-13 15:09,1
U023,U007,2025-03-20 12:32,1
U071,U058,2025-02-09 23:59,5
U125,U115,2025-01-14 19:40,4
U031,U030,2025-03-09 13:53,4
U121,U006,2025-03-20 14:15,4
U085,U094,2025-03-17 19:57,4
U004,U021,2025-03-19 11:40,4
U127,U189,2025-02-23 00:06,5
U102,U116,2025-02-06 17:06,4
U183,U198,2025-01-06 20:36,5
U143,U128,2025-01-25 17:07,4
U030,U127,2025-02-27 00:18,3
U151,U156,2025-01-27 13:10,2
U183,U192,2025-01-21 07:56,5
U087,U155,2025-03-20 00:23,4
U124,U123,2025-02-05 20:46,4
U173,U168,2025-03-09 04:43,3
U070,U057,2025-01-27 01:02,1
U056,U057,2025-01-15 13:28,5
U166,U160,2025-01-22 16:45,2
U012,U009,2025-02-02 19:58,2
U003,U011,2025-02-09 12:42,1
U043,U033,2025-02-14 14:28,3
U091,U197,2025-01-05 13:57,5
U073,U067,2025-02-25 08:05,1
U190,U200,2025-01-11 10:19,1
U043,U027,2025-02-16 12:13,1
U032,U037,2025-01-15 15:02,3
U199,U179,2025-01-15 09:03,3
U054,U057,2025-02-10 07:14,4
U008,U016,2025-02-01 09:37,3
U034,U037,2025-03-07 10:22,4
U080,U100,2025-03-10 22:03,5
U080,U089,2025-02-07 23:06,4
U133,U175,2025-02-03 06:18,1
U023,U017,2025-03-28 05:25,1
U138,U150,2025-01-16 06:58,4
U022,U021,2025-01-15 01:45,5
U114,U113,2025-03-22 23:01,5
U185,U191,2025-01-29 21:16,3
U117,U120,2025-03-26 02:45,2
U196,U182,2025-03-23 02:56,5
U198,U187,2025-03-23 03:09,4
U103,U102,2025-02-19 06:02,3
U067,U068,2025-01-27 04:14,2
U117,U111,2025-03-11 05:47,2
U108,U125,2025-01-28 23:58,4
U029,U188,2025-01-06 18:57,3
U129,U127,2025-03-11 04:43,1
U015,U011,2025-03-31 19:17,2
U149,U145,2025-03-07 09:10,5
U060,U090,2025-01-28 13:36,3
U073,U063,2025-02-17 15:13,2
U100,U087,2025-02-11 16:27,1
U164,U153,2025-01-09 17:31,1
U066,U057,2025-02-10 22:39,1
U169,U168,2025-02-17 13:39,4
U150,U128,2025-02-28 06:22,4
U177,U126,2025-03-08 22:27,4
U037,U130,2025-01-12 21:42,4
U073,U067,2025-03-20 21:50,5
U090,U091,2025-01-04 07:13,2
U095,U031,2025-02-25 02:12,4
U144,U135,2025-01-04 23:59,5
U135,U137,2025-01-28 22:28,3
U055,U069,2025-02-08 17:20,1
U079,U073,2025-01-20 22:56,2
U126,U001,2025-01-12 11:13,5
U014,U016,2025-02-22 11:52,3
U138,U141,2025-03-18 06:54,5
U067,U071,2025-02-12 06:55,4
U074,U061,2025-01-09 11:06,5
U163,U158,2025-03-24 06:36,4
U022,U015,2025-03-09 07:37,3
U073,U051,2025-02-22 09:32,3
U046,U043,2025-01-09 02:01,2
U139,U148,2025-03-11 07:02,1
U134,U049,2025-03-10 15:37,4
U004,U022,2025-03-27 13:07,5
U009,U007,2025-01-23 15:50,5
U138,U144,2025-01-05 10:16,4
U006,U088,2025-02-10 02:40,2
U138,U134,2025-01-09 14:50,1
U139,U044,2025-01-27 07:21,2
U030,U035,2025-03-29 00:02,4
U020,U011,2025-01-17 20:24,1
U113,U104,2025-01-30 11:08,2
U134,U138,2025-03-28 00:54,1
U100,U095,2025-02-23 16:12,2
U154,U159,2025-01-06 20:27,3
U153,U166,2025-01-03 23:08,4
U009,U018,2025-03-30 00:44,5
U100,U093,2025-03-01 15:20,2
U165,U153,2025-03-19 08:43,5
U062,U068,2025-04-01 00:26,2
U168,U165,2025-01-05 03:17,1
U159,U075,2025-03-01 18:37,2
U184,U195,2025-01-24 04:04,4
U162,U055,2025-02-23 14:17,5
U074,U068,2025-02-21 14:04,1
U173,U154,2025-03-17 22:15,2
U114,U107,2025-02-25 21:32,5
U082,U175,2025-03-28 09:16,3
U184,U183,2025-03-02 14:45,3
U195,U186,2025-01-02 18:40,2
U020,U016,2025-01-01 17:20,1
U168,U173,2025-03-06 08:22,4
U046,U028,2025-02-19 08:41,1
U172,U114,2025-03-03 12:32,1
U170,U162,2025-02-05 12:52,2
U179,U003,2025-01-12 16:33,4
U090,U076,2025-01-21 11:55,1
U132,U128,2025-03-16 15:11,5
U083,U091,2025-03-30 09:05,3
U198,U195,2025-01-20 08:45,1
U154,U159,2025-02-22 03:13,5
U097,U099,2025-02-21 19:48,5
U044,U030,2025-03-10 05:36,1
U092,U099,2025-03-13 12:51,3
U023,U022,2025-02-18 20:13,5
U176,U189,2025-02-28 16:12,1
U083,U111,2025-03-19 04:29,4
U191,U187,2025-02-17 09:57,1
U058,U013,2025-01-26 15:09,4
U126,U138,2025-01-19 01:07,3
U024,U008,2025-03-31 08:40,4
U064,U051,2025-01-16 07:18,3
U026,U041,2025-02-09 15:36,1
U134,U133,2025-01-11 03:34,4
U127,U136,2025-02-17 15:14,2
U199,U154,2025-02-26 17:27,4
U194,U179,2025-01-09 02:51,1
U097,U081,2025-03-23 08:25,1
U015,U002,2025-01-28 18:34,5
U029,U047,2025-01-06 09:52,5
U163,U154,2025-02-26 12:31,4
U015,U013,2025-02-12 14:04,4
U159,U026,2025-02-01 05:54,1
U144,U132,2025-01-11 03:56,1
U044,U032,2025-03-24 15:37,5
U112,U114,2025-02-14 03:37,5
U080,U077,2025-01-06 20:08,2
U167,U171,2025-03-10 23:57,3
U055,U066,2025-01-29 10:18,5
U126,U142,2025-02-23 17:05,2
U014,U012,2025-01-19 02:52,2
U078,U086,2025-01-18 13:39,4
U195,U198,2025-01-31 11:23,5
U145,U135,2025-02-08 10:39,3
U177,U191,2025-01-21 07:17,1
U090,U095,2025-01-20 17:36,2
U149,U138,2025-01-20 00:31,4
U012,U001,2025-01-08 01:04,3
U030,U035,2025-02-10 10:05,2
U127,U126,2025-01-19 10:59,2
U084,U099,2025-01-17 04:43,3
U063,U046,2025-01-19 04:08,1
U104,U101,2025-03-18 00:19,2
U036,U032,2025-01-29 02:26,4
U147,U131,2025-03-27 23:59,5
U160,U112,2025-03-22 06:52,1
U057,U068,2025-02-04 18:10,3
U171,U158,2025-03-26 03:59,1
U093,U085,2025-03-14 04:52,2
U021,U009,2025-03-21 18:46,2
U150,U126,2025-01-20 09:05,1
U031,U042,2025-02-05 15:51,5
U181,U186,2025-03-07 04:27,3
U198,U191,2025-02-13 10:56,3
U007,U008,2025-03-23 18:54,2
U088,U082,2025-01-29 04:27,4
U147,U041,2025-03-27 11:37,3
U030,U050,2025-01-08 23:33,3
U133,U144,2025-01-05 01:52,4
U139,U140,2025-02-12 21:22,4
U186,U184,2025-02-05 03:18,1
U084,U096,2025-01-08 05:46,3
U076,U129,2025-02-17 00:12,5
U108,U104,2025-01-12 03:03,1
U086,U082,2025-03-03 18:47,3
U107,U123,2025-02-25 07:31,2
U193,U184,2025-03-09 16:09,5
U003,U198,2025-01-28 14:12,3
U104,U149,2025-03-11 07:27,1
U063,U058,2025-01-21 23:43,2
U199,U190,2025-02-01 08:10,1
U089,U100,2025-03-28 01:40,4
U193,U176,2025-02-04 10:32,2
U060,U074,2025-01-02 05:08,4
U091,U087,2025-01-21 20:35,4
U175,U173,2025-02-19 06:24,3
U019,U002,2025-03-26 06:27,2
U144,U146,2025-03-15 01:45,5
U147,U101,2025-03-31 13:13,4
U153,U168,2025-02-05 12:10,2
U144,U140,2025-02-28 11:55,3
U047,U043,2025-01-17 12:03,1
U155,U126,2025-01-03 18:37,2
U160,U157,2025-01-22 13:04,3
U040,U027,2025-02-03 21:19,5
U139,U138,2025-01-15 15:02,1
U166,U174,2025-01-07 14:12,4
U053,U034,2025-03-21 13:31,2
U181,U195,2025-02-22 16:18,3
U184,U182,2025-01-02 00:15,2
U170,U158,2025-02-18 04:45,3
U126,U118,2025-02-12 10:46,5
U035,U046,2025-03-22 12:33,4
U113,U120,2025-03-17 06:48,2
U070,U074,2025-02-09 15:53,4
U073,U069,2025-01-10 00:41,4
U008,U006,2025-01-26 06:04,5
U048,U049,2025-03-08 02:07,2
U106,U196,2025-02-20 15:39,1
U020,U194,2025-01-10 21:51,5
U139,U140,2025-01-16 08:05,3
U015,U001,2025-01-07 23:53,4
U157,U163,2025-01-04 18:31,1
U061,U072,2025-03-10 11:30,4
U028,U043,2025-03-02 03:17,2
U180,U191,2025-03-17 00:14,3
U044,U005,2025-02-25 13:59,1
U043,U049,2025-02-05 21:49,2
U022,U009,2025-01-15 07:19,4
U098,U077,2025-03-23 14:06,5
U021,U017,2025-02-28 16:18,1
U115,U102,2025-02-24 18:47,1
U175,U157,2025-03-26 21:02,2
U082,U078,2025-01-02 19:02,4
U011,U007,2025-03-04 05:23,1
U047,U031,2025-03-08 05:37,2
U036,U043,2025-02-27 09:14,2
U164,U154,2025-01-22 11:42,2
U131,U126,2025-02-06 22:29,3
U090,U083,2025-01-07 08:12,3
U127,U128,2025-03-22 22:19,2
U179,U198,2025-02-19 03:18,5
U045,U036,2025-03-31 15:56,4
U061,U056,2025-02-28 03:57,3
U171,U124,2025-01-07 11:29,3
U188,U192,2025-02-28 15:23,2
U008,U001,2025-02-26 10:26,1
U175,U158,2025-02-26 17:53,1
U141,U135,2025-01-19 17:18,2
U008,U024,2025-02-24 18:30,4
U130,U134,2025-01-30 05:40,1
U171,U160,2025-03-10 15:36,1
U136,U133,2025-01-20 01:36,5
U097,U098,2025-03-07 19:46,2
U167,U161,2025-01-18 00:57,4
U041,U028,2025-03-29 03:18,2
U057,U055,2025-01-09 16:27,2
U083,U092,2025-01-08 10:45,4
U106,U124,2025-01-19 07:31,2
U085,U094,2025-02-11 03:15,2
U178,U187,2025-02-06 13:58,4
U189,U192,2025-02-25 19:14,4
U176,U200,2025-02-05 01:13,4
U195,U077,2025-02-24 12:11,5
U059,U063,2025-02-12 12:51,3
U168,U170,2025-02-14 02:25,1
U182,U180,2025-03-25 17:19,2
U141,U138,2025-03-26 14:12,4
U191,U096,2025-02-05 06:56,4
U039,U027,2025-03-26 05:16,1
U057,U075,2025-02-10 01:06,3
U142,U148,2025-02-14 19:24,3
U164,U174,2025-01-23 19:07,2
U146,U148,2025-03-03 21:40,1
U059,U070,2025-02-11 18:59,2
U051,U054,2025-03-12 12:12,1
U163,U173,2025-02-23 16:29,1
U089,U081,2025-03-17 20:36,4
U117,U118,2025-03-02 06:29,4
U175,U174,2025-03-21 11:16,1
U130,U134,2025-03-10 11:37,2
U102,U179,2025-01-29 09:03,1
U126,U001,2025-01-10 03:37,1
U167,U164,2025-03-01 21:49,3
U056,U062,2025-01-18 07:11,2
U067,U054,2025-02-11 08:29,5
U048,U052,2025-01-06 16:50,2
U050,U067,2025-03-31 19:16,4
U046,U031,2025-01-08 14:20,3
U034,U028,2025-02-01 11:26,1
U191,U197,2025-03-11 13:24,1
U125,U101,2025-03-02 21:25,5
U004,U007,2025-02-17 21:03,1
U116,U125,2025-02-01 00:15,5
U147,U136,2025-01-30 00:37,2
U171,U103,2025-02-04 18:42,5
U136,U129,2025-01-01 14:44,4
U103,U186,2025-03-18 09:00,2
U042,U034,2025-03-28 21:37,2
U192,U189,2025-03-02 10:17,2
U126,U146,2025-02-03 02:52,1
U189,U084,2025-03-04 00:57,4
U188,U199,2025-02-26 02:13,1
U197,U198,2025-03-24 17:26,1
U120,U107,2025-03-07 03:15,2
U147,U184,2025-02-16 06:23,1
U035,U047,2025-02-20 06:45,4
U179,U191,2025-03-02 15:33,5
U081,U100,2025-03-28 06:39,1
U006,U011,2025-03-24 11:51,4
U099,U084,2025-03-02 22:45,4
U172,U032,2025-03-02 21:45,2
U163,U186,2025-02-15 02:42,1
U133,U144,2025-03-12 02:05,5
U138,U148,2025-03-09 23:02,4
U158,U159,2025-01-11 20:43,3
U036,U049,2025-02-24 05:40,2
U044,U037,2025-01-12 22:20,3
U148,U189,2025-01-01 11:40,3
U088,U089,2025-01-30 10:16,3
U067,U072,2025-02-25 02:15,5
U151,U168,2025-03-19 22:00,4
U108,U116,2025-03-04 05:26,4
U105,U124,2025-03-02 21:28,1
U117,U123,2025-01-12 13:42,3
U181,U147,2025-02-13 20:49,2
U152,U161,2025-01-15 05:34,2
U058,U180,2025-03-09 07:13,1
U199,U046,2025-03-20 07:39,4
U122,U106,2025-01-03 07:06,5
U172,U166,2025-02-02 00:53,4
U110,U123,2025-03-26 08:27,2
U154,U155,2025-01-30 18:31,5
U014,U182,2025-01-29 00:15,4
U065,U073,2025-02-14 05:54,3
U054,U056,2025-03-15 13:08,2
U012,U024,2025-03-20 06:16,5
U063,U064,2025-03-04 04:16,2
U025,U092,2025-03-31 00:04,4
U004,U017,2025-03-01 12:09,3
U071,U074,2025-02-07 02:32,2
U088,U091,2025-01-28 21:14,5
U168,U191,2025-02-04 12:00,1
U159,U171,2025-03-01 18:55,4
U029,U028,2025-01-12 10:37,4
U076,U094,2025-02-22 11:41,5
U044,U031,2025-02-05 06:46,4
U180,U112,2025-01-28 11:47,5
U128,U148,2025-03-25 01:28,5
U013,U018,2025-03-16 17:46,5
U178,U192,2025-03-18 12:46,5
U050,U032,2025-03-30 05:33,1
U051,U068,2025-02-11 00:59,3
U069,U057,2025-03-01 17:42,2
U125,U102,2025-01-09 00:50,1
U143,U131,2025-02-08 20:10,1
U017,U010,2025-03-02 07:57,5
U198,U186,2025-02-17 21:46,3
U098,U079,2025-03-02 15:30,1
U080,U085,2025-03-20 06:08,2
U155,U142,2025-01-20 23:56,5
U074,U070,2025-02-08 17:54,1
U113,U121,2025-03-24 14:04,2
U034,U047,2025-02-09 01:10,2
U046,U049,2025-01-25 20:30,2
U064,U055,2025-01-30 03:05,4
U078,U084,2025-01-12 16:14,5
U153,U161,2025-02-28 14:29,1
U150,U134,2025-01-14 15:39,2
U038,U033,2025-02-04 19:08,1
U031,U042,2025-03-08 15:03,3
U179,U192,2025-02-02 02:11,5
U142,U070,2025-02-25 15:01,1
U044,U082,2025-03-28 11:40,4
U166,U169,2025-01-12 22:41,3
U072,U055,2025-01-14 07:40,4
U102,U124,2025-02-28 12:20,3
U097,U095,2025-02-08 09:40,4
U140,U142,2025-01-27 10:34,3
U134,U184,2025-03-22 13:25,2
U035,U039,2025-03-12 11:21,3
U163,U021,2025-01-08 07:32,2
U043,U148,2025-01-06 13:25,1
U176,U189,2025-03-03 23:00,5
U035,U123,2025-02-15 15:28,5
U038,U026,2025-02-26 10:17,2
U191,U002,2025-03-07 08:06,4
U133,U149,2025-03-02 12:21,5
U020,U015,2025-03-30 03:18,2
U081,U078,2025-02-03 17:50,2
U014,U016,2025-02-04 20:08,2
U036,U047,2025-01-24 01:37,5
U031,U075,2025-01-28 13:33,4
U076,U099,2025-02-27 18:49,5
U121,U117,2025-03-17 11:49,1
U159,U125,2025-01-06 13:36,3
U186,U185,2025-02-02 13:05,1
U063,U062,2025-01-02 03:21,1
U078,U092,2025-02-17 03:32,2
U176,U180,2025-03-12 08:53,3
U162,U160,2025-02-03 12:15,4
U138,U069,2025-01-11 05:26,4
U181,U180,2025-02-02 12:45,4
U079,U082,2025-01-27 06:22,1
U174,U161,2025-03-24 08:15,1
U091,U097,2025-03-31 19:14,3
U193,U191,2025-03-15 03:14,2
U167,U174,2025-03-26 09:33,4
U026,U030,2025-01-15 11:47,3
U077,U097,2025-03-17 20:48,3
U014,U016,2025-01-27 16:20,3
U158,U170,2025-01-15 05:07,5
U125,U104,2025-03-20 23:48,3
U064,U171,2025-03-17 00:38,4
U048,U049,2025-02-16 01:21,5
U058,U054,2025-01-13 09:00,4
U080,U089,2025-01-02 22:34,5
U013,U014,2025-02-18 02:49,3
U083,U086,2025-02-09 02:46,4
U171,U152,2025-01-29 00:43,1
U112,U123,2025-02-08 09:17,2
U006,U002,2025-01-01 09:10,1
U132,U135,2025-02-13 07:13,3
U026,U111,2025-01-18 03:47,3
U094,U086,2025-01-29 00:52,1
U022,U018,2025-03-12 11:06,2
U149,U150,2025-02-23 22:29,5
U096,U084,2025-01-20 10:49,5
U030,U046,2025-03-09 22:12,5
U082,U098,2025-02-10 21:47,1
U135,U149,2025-02-13 11:54,2
U052,U055,2025-01-18 18:47,4
U125,U118,2025-03-31 02:11,3
U115,U162,2025-03-07 15:01,1
U018,U124,2025-02-08 11:19,5
U129,U006,2025-01-16 12:40,5
U060,U052,2025-03-29 07:59,5
U099,U088,2025-02-15 09:24,5
U020,U043,2025-02-10 04:16,5
U163,U170,2025-01-26 01:05,2
U069,U057,2025-02-24 05:29,1
U132,U117,2025-02-16 04:36,5
U085,U098,2025-01-25 18:34,5
U077,U093,2025-01-23 00:23,3
U059,U055,2025-01-25 22:46,1
U082,U093,2025-01-11 21:48,1
U136,U128,2025-03-28 11:30,5
U064,U070,2025-01-28 04:12,3
U161,U003,2025-03-17 07:54,3
U106,U109,2025-03-30 18:30,1
U049,U048,2025-02-05 02:27,3
U163,U155,2025-02-20 11:24,2
U057,U084,2025-01-25 19:11,2
U155,U165,2025-01-22 10:12,4
U178,U191,2025-01-17 20:31,4
U057,U069,2025-02-14 23:33,2
U010,U006,2025-03-22 21:51,2
U176,U156,2025-01-18 10:21,1
U158,U165,2025-03-25 02:01,4
U074,U075,2025-03-15 21:05,1
U163,U151,2025-01-11 08:22,1
U005,U008,2025-03-12 10:20,1
U001,U004,2025-02-19 16:49,3
U022,U052,2025-01-14 00:09,4
U181,U185,2025-01-31 12:43,4
U018,U023,2025-01-25 16:16,5
U004,U018,2025-01-28 08:14,1
U155,U151,2025-03-25 08:39,2
U163,U155,2025-02-02 11:49,3
U172,U173,2025-03-17 05:24,1
U033,U029,2025-03-29 09:25,3
U129,U137,2025-03-26 09:01,1
U155,U039,2025-01-17 12:59,4
U072,U064,2025-01-15 00:09,3
U112,U104,2025-01-26 00:12,4
U123,U103,2025-03-14 03:16,1
U039,U200,2025-03-02 00:44,2
U165,U174,2025-03-14 20:44,4
U029,U148,2025-02-09 05:47,3
U130,U131,2025-03-12 04:42,4
U189,U191,2025-03-05 10:48,4
U130,U146,2025-03-26 05:16,2
U193,U191,2025-02-18 19:12,5
U099,U022,2025-02-23 05:08,4
U098,U078,2025-01-22 17:47,3
U012,U018,2025-02-13 11:18,2
U016,U090,2025-02-03 04:18,2
U068,U064,2025-01-23 09:44,2
U015,U192,2025-01-13 21:01,1
U181,U037,2025-02-04 16:34,1
U162,U152,2025-03-06 04:14,1
U041,U045,2025-03-21 13:35,2
U130,U128,2025-01-23 15:18,1
U155,U175,2025-01-17 22:30,4
U116,U114,2025-03-08 02:27,3
U010,U004,2025-01-15 12:32,1
U009,U155,2025-03-10 16:52,2
U013,U014,2025-03-04 05:16,4
U119,U117,2025-01-29 04:32,2
U059,U053,2025-02-17 19:14,4
U033,U191,2025-01-20 14:49,4
U088,U081,2025-03-17 04:47,5
U048,U040,2025-02-13 18:55,3
U163,U156,2025-01-06 07:25,3
U084,U079,2025-01-10 20:03,1
U126,U133,2025-01-27 00:29,2
U032,U045,2025-01-02 07:58,3
U096,U077,2025-01-23 05:01,3
U019,U016,2025-01-05 11:47,1
U101,U112,2025-03-10 18:04,3
U129,U050,2025-01-29 22:58,4
U073,U072,2025-01-10 04:43,3
U042,U050,2025-01-15 00:05,1
U166,U169,2025-03-21 09:56,1
U072,U065,2025-01-08 12:02,1
U060,U056,2025-03-15 19:57,2
U067,U074,2025-02-25 17:48,5
U088,U115,2025-03-13 19:37,2
U145,U139,2025-01-04 23:24,4
U030,U044,2025-02-27 11:25,4
U005,U025,2025-03-21 13:32,3
U041,U029,2025-02-11 17:32,3
U106,U103,2025-01-26 19:55,5
U028,U031,2025-03-07 00:26,4
U184,U200,2025-03-22 03:05,4
U054,U069,2025-02-14 18:37,1
U113,U114,2025-03-20 08:08,5
U034,U113,2025-02-03 17:08,5
U081,U096,2025-01-08 22:23,4
U122,U102,2025-02-26 19:45,1
U098,U093,2025-01-02 01:21,2
U075,U097,2025-01-15 17:36,5
U033,U038,2025-03-21 21:37,4
U140,U146,2025-02-19 00:58,4
U074,U054,2025-03-25 20:13,4
U088,U086,2025-01-07 04:50,3
U182,U198,2025-03-09 19:21,4
U177,U193,2025-01-15 12:13,4
U086,U094,2025-01-04 04:25,5
U012,U014,2025-03-31 09:41,4
U076,U100,2025-03-04 13:30,4
U053,U055,2025-01-07 15:17,3
U123,U115,2025-03-21 15:21,4
U106,U102,2025-01-09 17:56,4
U106,U107,2025-02-02 03:00,4
U073,U064,2025-02-02 14:50,5
U018,U020,2025-01-19 09:45,1
U061,U072,2025-04-01 02:45,3
U180,U191,2025-03-21 00:05,3
U159,U167,2025-03-08 01:51,1
U033,U163,2025-02-11 05:34,5
U099,U082,2025-02-08 13:53,5
U157,U162,2025-01-20 10:14,2
U148,U004,2025-02-04 00:50,3
U117,U104,2025-03-05 23:40,4
U189,U187,2025-02-02 09:25,5
U129,U131,2025-02-12 02:18,4
U068,U064,2025-02-05 01:32,3
U177,U175,2025-02-10 03:43,3
U028,U029,2025-01-09 11:49,1
U154,U166,2025-03-10 14:16,5
U026,U163,2025-02-10 18:09,5
U022,U010,2025-03-19 20:34,4
U193,U188,2025-01-11 18:07,2
U032,U090,2025-03-30 09:47,4
U151,U162,2025-03-13 12:44,2
U122,U109,2025-01-29 07:31,4
U014,U002,2025-01-02 17:55,1
U142,U149,2025-02-24 22:36,3
U158,U168,2025-03-30 22:37,4
U152,U169,2025-02-09 09:23,2
U100,U187,2025-01-17 03:29,4
U133,U041,2025-02-10 03:31,2
U067,U054,2025-02-27 19:24,5
U118,U106,2025-03-28 16:28,3
U026,U039,2025-01-02 09:12,5
U044,U038,2025-01-03 15:14,2
U163,U162,2025-03-13 02:40,3
U085,U082,2025-02-19 01:38,2
U175,U159,2025-03-02 08:10,1
U071,U051,2025-02-28 10:34,5
U029,U118,2025-03-26 17:29,5
U060,U059,2025-03-23 18:17,2
U187,U182,2025-02-05 21:42,1
U014,U003,2025-02-14 14:48,1
U163,U161,2025-02-28 00:00,4
U047,U077,2025-01-02 06:09,2
U004,U011,2025-02-01 21:33,4
U154,U140,2025-01-01 18:57,2
U104,U107,2025-02-25 12:04,1
U057,U062,2025-01-11 18:45,2
U058,U053,2025-03-08 13:46,2
U182,U178,2025-02-02 01:25,5
U199,U191,2025-02-10 00:35,5
U050,U065,2025-01-17 01:50,2
U113,U104,2025-02-23 10:59,5
U099,U091,2025-02-09 18:55,4
U111,U120,2025-01-11 02:57,5
U094,U087,2025-02-04 08:55,1
U017,U009,2025-02-23 18:02,4
U138,U126,2025-01-11 18:27,2
U110,U048,2025-02-02 21:30,2
U137,U130,2025-03-13 06:52,3
U148,U126,2025-03-07 13:52,3
U133,U143,2025-01-07 08:41,4
U092,U082,2025-01-10 16:49,5
U044,U046,2025-02-08 17:19,4
U132,U127,2025-03-15 09:34,4
U114,U104,2025-01-12 15:05,4
U144,U138,2025-01-22 20:28,5
U021,U019,2025-04-01 06:13,1
U073,U034,2025-03-18 22:35,4
U011,U021,2025-01-02 19:32,1
U174,U160,2025-01-26 08:02,3
U153,U168,2025-03-12 20:10,3
U013,U010,2025-03-05 17:26,4
U037,U045,2025-01-10 16:26,1
U005,U004,2025-01-30 17:17,4
U032,U049,2025-03-24 11:03,3
U138,U002,2025-03-27 08:35,1
U004,U002,2025-03-28 13:04,3
U148,U145,2025-03-14 09:20,4
U055,U069,2025-02-12 06:24,1
U075,U069,2025-03-23 03:25,4
U042,U033,2025-02-22 22:24,4
U111,U125,2025-03-08 20:35,4
U125,U110,2025-03-07 02:02,1
U097,U096,2025-03-09 06:13,2
U041,U027,2025-01-20 16:09,1
U188,U182,2025-02-14 17:16,1
U150,U135,2025-03-06 19:46,4
U030,U033,2025-03-25 18:33,3
U195,U192,2025-01-19 19:30,4
U114,U106,2025-03-04 19:10,3
U148,U166,2025-01-10 14:57,2
U049,U029,2025-01-23 05:31,1
U048,U069,2025-01-03 22:26,4
U187,U184,2025-01-12 02:29,5
U157,U155,2025-02-06 11:06,5
U127,U140,2025-01-26 03:28,3
U174,U164,2025-01-18 23:39,3
U070,U059,2025-02-18 12:50,5
U154,U172,2025-01-05 20:56,2
U057,U030,2025-01-06 04:04,1
U078,U093,2025-01-10 12:42,3
U163,U154,2025-01-21 08:21,3
U057,U062,2025-02-28 07:19,3
U124,U101,2025-01-09 21:52,2
U199,U185,2025-03-19 22:27,2
U031,U036,2025-03-24 05:47,4
U022,U016,2025-02-09 06:48,3
U103,U106,2025-03-04 03:44,1
U194,U176,2025-02-14 18:43,2
U001,U019,2025-03-04 05:35,3
U135,U129,2025-01-16 13:28,2
U035,U049,2025-01-31 21:17,4
U143,U134,2025-03-02 17:14,4
U176,U187,2025-01-28 17:50,3
U199,U170,2025-03-20 08:02,5
U122,U117,2025-03-08 14:48,1
U158,U172,2025-01-14 05:24,3
U094,U099,2025-03-05 16:00,4
U032,U038,2025-02-28 11:20,1
U161,U174,2025-02-19 22:23,4
U135,U045,2025-01-25 11:34,3
U101,U151,2025-02-08 07:35,3
U019,U017,2025-03-06 05:11,3
U032,U111,2025-03-14 17:25,4
U135,U129,2025-03-30 13:50,1
U065,U072,2025-01-15 00:10,5
U160,U143,2025-03-02 19:13,2
U103,U110,2025-01-02 18:03,4
U119,U104,2025-01-06 04:12,4
U162,U172,2025-03-18 06:08,1
U062,U060,2025-03-13 19:26,5
U053,U073,2025-01-25 23:17,2
U051,U111,2025-02-23 14:26,1
U016,U012,2025-01-23 23:21,4
U034,U035,2025-02-24 16:15,3
U172,U161,2025-03-15 13:11,5
U084,U080,2025-02-08 05:26,5
U103,U110,2025-02-21 21:53,4
U164,U154,2025-01-13 22:47,5
U142,U147,2025-03-07 04:41,3
U165,U164,2025-03-29 20:18,4
U025,U014,2025-01-09 09:10,2
U108,U119,2025-02-16 22:55,3
U102,U125,2025-03-19 06:09,4
U015,U025,2025-03-21 23:16,5
U003,U002,2025-01-25 22:12,1
U035,U044,2025-02-14 03:46,3
U032,U190,2025-02-23 13:06,5
U023,U007,2025-02-17 07:47,2
U180,U183,2025-03-23 19:16,2
U124,U101,2025-03-15 15:53,4
U079,U078,2025-01-01 08:04,2
U042,U029,2025-01-23 20:01,2
U017,U015,2025-02-05 21:31,1
U077,U104,2025-02-14 08:42,2
U140,U067,2025-03-17 03:00,5
U039,U030,2025-02-28 05:47,1
U081,U092,2025-03-09 20:11,5
U185,U197,2025-01-10 10:29,5
U113,U123,2025-03-15 03:18,1
U155,U151,2025-01-27 03:08,4
U151,U169,2025-01-28 21:23,1
U177,U187,2025-03-29 23:15,2
U184,U176,2025-03-31 16:40,2
U087,U098,2025-02-18 03:00,4
U071,U055,2025-02-02 08:39,5
U059,U075,2025-03-02 06:23,3
U018,U166,2025-02-14 08:45,4
U156,U169,2025-01-17 18:02,5
U105,U123,2025-01-30 19:57,5
U090,U150,2025-02-26 12:53,4
U024,U006,2025-01-22 10:09,1
U197,U191,2025-01-30 19:02,2
U188,U061,2025-01-10 22:19,2
U175,U164,2025-03-26 06:57,1
U104,U102,2025-03-19 09:52,1
U145,U146,2025-03-18 20:29,1
U083,U028,2025-03-05 22:23,4
U082,U084,2025-02-15 00:49,4
U082,U099,2025-01-16 02:05,4
U050,U023,2025-02-23 07:38,1
U032,U027,2025-03-16 01:29,2
U093,U199,2025-02-07 11:20,5
U036,U031,2025-03-04 10:38,5
U094,U091,2025-02-15 22:07,3
U053,U065,2025-02-09 05:54,4
U146,U021,2025-01-12 21:51,5
U041,U033,2025-01-06 00:27,5
U008,U010,2025-03-26 06:44,3
U128,U131,2025-03-30 10:52,3
U092,U095,2025-02-15 20:22,3
U018,U023,2025-03-23 12:11,1
U121,U101,2025-01-04 06:30,3
U086,U100,2025-01-06 17:44,2
U150,U147,2025-03-25 08:59,1
U044,U045,2025-03-06 07:55,1
U039,U045,2025-03-09 15:00,5
U142,U123,2025-03-28 11:52,2
U004,U002,2025-02-15 12:49,5
U139,U141,2025-01-28 22:49,2
U001,U025,2025-03-13 11:55,2
U172,U174,2025-01-02 23:31,5
U175,U163,2025-03-05 15:12,2
U168,U155,2025-01-11 20:29,4
U137,U132,2025-02-01 13:34,4
U061,U060,2025-01-09 16:57,5
U174,U175,2025-03-23 04:35,5
U024,U008,2025-03-16 07:11,1
U065,U056,2025-01-27 01:20,1
U085,U080,2025-02-25 12:05,4
U047,U028,2025-01-08 06:51,3
U053,U127,2025-03-06 12:39,3
U057,U114,2025-03-07 05:51,3
U200,U142,2025-01-27 23:22,2
U111,U123,2025-02-19 14:44,5
U139,U148,2025-03-28 20:32,5
U032,U030,2025-03-18 22:07,5
U079,U087,2025-03-08 07:35,2
U098,U090,2025-03-01 11:44,4
U006,U128,2025-03-18 10:58,1
U160,U153,2025-01-06 18:27,3
U099,U127,2025-01-03 01:10,4
U008,U007,2025-02-04 20:39,2
U022,U010,2025-01-04 04:23,5
U020,U025,2025-03-23 15:09,3
U068,U193,2025-02-24 02:58,2
U149,U145,2025-02-09 20:15,4
U004,U018,2025-02-05 15:50,3
U137,U119,2025-02-08 21:52,5
U106,U113,2025-02-12 20:54,2
U009,U022,2025-03-28 21:25,3
U100,U093,2025-01-28 06:14,3
U020,U009,2025-02-03 06:08,3
U004,U010,2025-02-22 01:46,3
U046,U114,2025-02-12 10:50,1
U177,U187,2025-02-14 01:01,5
U019,U003,2025-01-26 11:54,5
U040,U031,2025-01-24 19:37,3
U180,U183,2025-02-27 16:59,2
U008,U004,2025-03-01 21:59,1
U194,U186,2025-01-05 03:39,5
U023,U009,2025-03-31 02:32,3
U143,U148,2025-01-05 09:43,5
U028,U042,2025-02-10 17:31,1
U082,U086,2025-02-22 05:58,3
U175,U107,2025-01-07 19:57,4
U037,U007,2025-01-31 01:20,5
U139,U146,2025-02-04 10:34,4
U076,U160,2025-01-04 04:03,2
U105,U119,2025-01-03 15:46,1
U142,U148,2025-03-13 09:50,5
U132,U138,2025-03-17 22:45,5
U063,U075,2025-03-01 10:13,1
U058,U145,2025-02-16 03:54,5
U168,U174,2025-01-12 08:51,5
U197,U192,2025-02-17 16:41,4
U094,U085,2025-03-25 06:15,2
U133,U140,2025-01-29 23:43,1
U199,U189,2025-02-03 06:32,1
U037,U046,2025-02-14 09:39,5
U158,U169,2025-03-17 16:24,2
U063,U199,2025-03-25 02:19,4
U070,U059,2025-03-14 18:34,3
U028,U039,2025-02-08 15:44,5
U148,U127,2025-02-27 22:00,2
U117,U004,2025-01-16 12:19,1
U199,U179,2025-01-12 20:07,1
U007,U177,2025-01-16 12:40,1
U164,U162,2025-01-12 22:25,4
U098,U085,2025-01-12 04:01,3
U087,U152,2025-02-25 17:51,5
U003,U024,2025-03-26 03:21,3
U105,U162,2025-02-11 06:30,4
U198,U180,2025-03-09 02:13,2
U030,U026,2025-02-24 08:38,5
U188,U186,2025-02-10 06:06,2
U125,U104,2025-01-22 11:23,3
U019,U017,2025-03-24 00:11,5
U160,U161,2025-02-05 07:00,3
U052,U074,2025-03-22 15:35,2
U119,U120,2025-01-29 22:44,1
U054,U060,2025-01-26 06:13,4
U060,U059,2025-02-25 12:11,1
U171,U072,2025-01-14 04:01,1
U051,U070,2025-03-24 11:37,1
U139,U138,2025-03-15 01:25,2
U012,U007,2025-01-26 23:41,5
U192,U180,2025-03-17 23:25,4
U048,U029,2025-02-10 18:49,4
U030,U034,2025-03-08 22:16,1
U021,U191,2025-03-14 13:02,2
U131,U142,2025-01-31 20:33,3
U048,U036,2025-03-23 13:11,1
U132,U143,2025-03-02 12:15,1
U161,U003,2025-01-23 17:12,2
U097,U082,2025-01-25 11:31,4
U074,U066,2025-01-27 01:20,2
U042,U049,2025-03-10 13:11,2
U041,U043,2025-02-25 23:13,2
U014,U023,2025-01-25 06:41,5
U096,U087,2025-02-14 09:49,5
U060,U058,2025-03-21 23:33,3
U196,U188,2025-02-24 18:00,3
U104,U108,2025-01-11 13:28,3
U186,U183,2025-03-02 15:04,4
U186,U197,2025-01-11 16:01,3
U075,U066,2025-03-18 19:16,4
U076,U085,2025-01-25 17:17,5
U152,U168,2025-03-12 14:01,3
U139,U138,2025-03-15 23:21,4
U102,U109,2025-02-14 12:36,2
U010,U015,2025-02-07 15:14,2
U068,U057,2025-03-13 06:57,1
U158,U157,2025-01-31 08:12,2
U024,U001,2025-03-15 08:53,4
U137,U150,2025-03-12 01:22,5
U017,U007,2025-02-03 07:00,5
U068,U063,2025-03-20 14:05,2
U062,U061,2025-02-07 23:04,2
U076,U077,2025-03-19 06:59,1
U042,U038,2025-03-14 08:42,4
U110,U101,2025-01-22 06:27,2
U038,U046,2025-02-06 19:27,2
U070,U022,2025-01-08 07:10,1
U151,U174,2025-03-17 21:42,5
U054,U074,2025-02-23 20:55,4
U111,U114,2025-02-16 23:15,1
U182,U179,2025-01-25 09:18,5
U114,U103,2025-01-21 13:31,4
U185,U198,2025-02-18 20:48,5
U016,U024,2025-02-06 03:55,3
U040,U033,2025-02-22 22:23,1
U090,U087,2025-02-13 17:35,5
U111,U105,2025-03-16 00:46,1
U057,U066,2025-02-24 08:19,2
U170,U166,2025-02-17 23:23,5
U025,U016,2025-01-24 06:33,4
U130,U127,2025-01-30 14:12,5
U009,U023,2025-01-20 09:03,5
U186,U196,2025-01-22 18:58,3
U192,U193,2025-03-20 11:45,1
U109,U180,2025-01-08 09:18,4
U006,U017,2025-03-10 10:21,1
U179,U177,2025-03-22 22:24,4
U180,U199,2025-03-21 21:45,5
U010,U004,2025-02-09 23:19,3
U117,U111,2025-02-26 07:42,3
U055,U060,2025-02-17 23:03,2
U183,U096,2025-02-17 14:36,5
U182,U186,2025-03-26 17:14,2
U176,U186,2025-02-08 05:25,2
U026,U035,2025-03-06 04:22,2
U043,U040,2025-01-31 11:09,1
U195,U181,2025-01-07 09:51,3
U087,U096,2025-01-02 14:51,2
U169,U174,2025-01-29 03:55,3
U159,U168,2025-02-19 13:52,2
U054,U074,2025-01-21 00:49,3
U030,U042,2025-02-23 19:00,4
U124,U120,2025-03-03 04:21,4
U008,U007,2025-01-09 15:31,5
U066,U051,2025-01-30 18:20,1
U014,U036,2025-02-16 21:50,4
U186,U185,2025-02-15 21:05,1
U163,U175,2025-02-05 10:12,4
U142,U128,2025-03-22 17:34,5
U043,U163,2025-03-18 05:02,3
U168,U165,2025-02-14 22:37,3
U171,U162,2025-01-17 12:52,1
U120,U198,2025-03-03 07:43,3
U095,U093,2025-03-22 02:17,2
U074,U051,2025-01-19 03:48,4
U076,U094,2025-01-29 14:03,3
U134,U142,2025-03-26 05:11,1
U021,U009,2025-02-28 17:45,4
U109,U121,2025-01-06 13:00,5
U184,U121,2025-02-25 15:12,4
U199,U196,2025-03-10 15:40,5
U010,U095,2025-01-03 22:59,5
U040,U181,2025-03-09 08:14,2
U034,U022,2025-02-08 12:34,1
U011,U004,2025-03-20 10:05,5
U096,U095,2025-03-09 10:59,1
U148,U131,2025-03-24 18:35,5
U142,U126,2025-03-27 22:39,4
U003,U007,2025-03-17 10:20,5
U103,U106,2025-02-10 16:37,1
U098,U092,2025-02-07 14:01,2
U010,U009,2025-02-21 08:33,3
U194,U198,2025-01-09 04:04,5
U023,U030,2025-03-25 21:25,1
U031,U036,2025-02-24 03:23,1
U007,U021,2025-02-04 10:10,4
U085,U097,2025-02-28 19:09,2
U060,U052,2025-02-04 20:36,3
U069,U061,2025-02-08 00:21,2
U070,U052,2025-01-17 10:54,3
U184,U178,2025-02-14 22:10,3
U150,U146,2025-02-17 22:36,4
U176,U044,2025-01-04 16:14,5
U098,U089,2025-02-01 21:51,3
U103,U117,2025-03-12 17:32,2
U184,U177,2025-03-26 05:57,1
U066,U055,2025-02-12 20:42,5
U172,U169,2025-03-24 08:51,1
U046,U037,2025-03-21 11:04,1
U186,U196,2025-03-24 12:35,1
U135,U131,2025-02-12 19:49,5
U015,U020,2025-02-11 21:07,5
U174,U163,2025-02-13 10:32,2
U145,U136,2025-02-14 06:09,4
U100,U092,2025-01-11 03:36,4
U119,U113,2025-02-24 07:35,1
U060,U070,2025-03-30 04:35,5
U055,U072,2025-01-31 15:46,1
U080,U197,2025-01-14 05:01,3
U065,U051,2025-03-02 06:45,2
U060,U053,2025-01-18 03:15,2
U112,U024,2025-03-08 05:53,2
U126,U141,2025-01-15 20:03,3
U173,U157,2025-03-25 10:06,4
U198,U183,2025-03-11 18:55,1
U150,U130,2025-02-06 17:33,3
U173,U187,2025-03-21 18:24,4
U037,U041,2025-03-03 07:22,5
U075,U058,2025-02-03 22:22,3
U020,U025,2025-02-06 13:50,1
U066,U057,2025-01-05 08:39,2
U036,U038,2025-03-01 20:46,2
U110,U113,2025-03-03 19:09,4
U156,U163,2025-03-04 10:35,5
U120,U022,2025-02-01 20:28,1
U151,U156,2025-01-30 08:55,2
U172,U165,2025-01-02 09:18,4
U164,U175,2025-01-06 07:04,3
U045,U040,2025-02-16 00:46,3
U143,U137,2025-01-11 11:57,2
U137,U195,2025-02-05 05:42,1
U148,U144,2025-01-24 19:15,2
U189,U177,2025-02-12 15:17,3
U190,U187,2025-01-05 21:23,5
U114,U111,2025-03-03 18:33,3
U018,U009,2025-01-17 14:26,3
U015,U011,2025-01-28 10:17,1
U149,U127,2025-02-18 16:34,4
U043,U029,2025-01-12 19:22,2
U159,U162,2025-03-30 19:02,4
U099,U092,2025-02-22 03:08,4
U137,U127,2025-01-14 16:34,5
U164,U026,2025-02-05 02:18,5
U021,U087,2025-03-26 18:01,3
U006,U024,2025-01-24 17:06,1
U111,U030,2025-03-14 13:44,2
U120,U117,2025-02-19 09:48,2
U012,U019,2025-02-13 09:06,2
U159,U174,2025-03-05 00:50,2
U020,U013,2025-03-25 03:22,2
U101,U114,2025-01-20 04:29,1
U059,U065,2025-02-24 20:42,3
U076,U098,2025-01-30 21:07,2
U124,U123,2025-02-25 19:04,4
U143,U138,2025-02-13 14:58,5
U136,U137,2025-03-17 05:03,4
U182,U193,2025-03-05 20:12,2
U113,U102,2025-03-02 11:19,5
U162,U125,2025-02-21 10:14,3
U135,U150,2025-01-30 00:51,4
U005,U020,2025-02-23 13:48,2
U164,U175,2025-01-03 11:08,3
U183,U188,2025-03-26 04:20,5
U029,U038,2025-01-21 04:53,2
U147,U075,2025-01-17 14:12,2
U168,U164,2025-02-02 09:00,2
U111,U125,2025-02-03 09:22,1
U142,U143,2025-02-18 19:16,4
U166,U175,2025-02-12 13:26,3
U116,U041,2025-03-26 10:18,2
U018,U011,2025-03-11 18:39,4
U038,U044,2025-03-01 18:43,4
U106,U049,2025-02-28 06:16,1
U070,U067,2025-01-08 15:52,5
U151,U161,2025-02-25 20:09,2
U197,U178,2025-03-28 23:20,3
U168,U167,2025-03-20 22:12,2
U042,U118,2025-02-03 22:13,2
U086,U080,2025-01-28 00:01,1
U053,U148,2025-02-12 07:27,4
U183,U181,2025-03-30 21:07,4
U045,U036,2025-03-21 17:05,2
U026,U049,2025-01-04 06:36,4
U121,U099,2025-01-07 17:42,4
U184,U138,2025-01-12 08:17,5
U015,U016,2025-03-17 16:15,1
U174,U175,2025-01-04 23:10,3
U189,U179,2025-01-10 18:22,2
U195,U149,2025-03-10 22:12,1
U139,U147,2025-02-01 06:22,2
U124,U054,2025-01-25 09:49,1
U040,U048,2025-02-15 01:51,2
U135,U148,2025-02-10 19:24,3
U119,U109,2025-02-24 10:32,1
U067,U060,2025-01-03 16:40,2
U145,U093,2025-03-07 07:19,3
U069,U071,2025-01-29 01:43,4
U105,U124,2025-03-15 14:58,2
U113,U109,2025-02-28 07:01,2
U094,U085,2025-01-14 20:06,5
U149,U142,2025-03-10 04:28,5
U062,U071,2025-01-15 12:31,5
U081,U134,2025-02-04 09:48,4
U125,U166,2025-01-16 17:27,5
U188,U176,2025-03-03 04:53,1
U107,U108,2025-01-14 23:52,3
U046,U032,2025-02-02 18:47,4
U024,U017,2025-03-24 02:00,2
U147,U127,2025-02-06 14:31,1
U130,U018,2025-01-26 01:02,5
U190,U138,2025-03-21 18:15,1
U015,U115,2025-02-21 21:58,5
U124,U106,2025-03-05 02:40,2
U181,U177,2025-03-31 11:28,5
U103,U124,2025-01-18 15:05,1
U034,U134,2025-01-28 21:23,1
U094,U100,2025-02-23 05:48,4
U011,U021,2025-01-07 23:35,2
U178,U191,2025-01-19 07:13,1
U095,U091,2025-01-28 15:16,5
U154,U174,2025-03-23 00:37,4
U094,U096,2025-02-26 06:12,4
U065,U194,2025-02-07 09:28,5
U061,U067,2025-02-14 07:44,5
U109,U118,2025-01-23 23:59,3
U121,U115,2025-01-11 11:30,2
U142,U141,2025-02-15 11:03,2
U172,U160,2025-01-09 22:35,4
U057,U075,2025-01-11 05:29,2
U111,U125,2025-02-18 14:40,4
U120,U107,2025-02-22 07:23,2
U100,U088,2025-03-13 20:37,2
U157,U170,2025-01-15 15:15,3
U122,U168,2025-02-24 12:17,4
U108,U109,2025-02-13 07:03,3
U111,U124,2025-02-02 13:10,3
U169,U163,2025-03-11 18:07,4
U152,U164,2025-02-02 12:28,2
U197,U071,2025-01-03 02:33,2
U110,U112,2025-01-03 11:43,3
U161,U168,2025-02-21 07:16,2
U184,U179,2025-01-08 02:35,2
U199,U194,2025-02-13 02:27,1
U173,U166,2025-01-24 01:47,3
U151,U097,2025-01-06 17:34,1
U134,U143,2025-02-03 23:04,4
U029,U121,2025-01-13 13:20,1
U155,U169,2025-01-28 12:51,5
U040,U033,2025-01-31 04:10,5
U118,U117,2025-03-16 17:26,3
U075,U053,2025-03-21 14:07,3
U093,U198,2025-02-10 21:57,2
U183,U190,2025-02-03 07:14,3
U109,U120,2025-03-10 09:16,1
U164,U163,2025-03-15 16:52,4
U017,U012,2025-01-02 19:23,5
U017,U011,2025-03-14 06:04,5
U146,U128,2025-03-09 04:23,1
U043,U031,2025-03-15 00:32,5
U023,U147,2025-03-26 07:13,4
U100,U078,2025-03-12 03:47,4
U120,U116,2025-03-23 06:49,2
U031,U046,2025-02-22 16:35,3
U151,U163,2025-02-22 15:32,3
U151,U158,2025-01-30 16:15,4
U094,U097,2025-03-12 05:14,3
U100,U094,2025-03-26 13:28,3
U184,U148,2025-01-15 05:22,2
U085,U081,2025-01-10 12:24,1
U025,U005,2025-02-19 11:48,3
U084,U081,2025-03-26 20:15,2
U085,U081,2025-02-08 22:51,3
U100,U087,2025-01-03 19:37,2
U113,U032,2025-03-18 06:14,4
U088,U077,2025-02-11 00:04,4
U100,U088,2025-02-24 01:20,1
U067,U069,2025-03-08 06:44,5
U079,U091,2025-03-09 17:57,5
U139,U132,2025-01-20 11:28,1
U141,U134,2025-02-16 15:20,1
U005,U002,2025-02-04 22:11,4
U037,U035,2025-03-18 11:26,1
U108,U123,2025-01-09 00:29,4
U005,U071,2025-03-08 17:53,3
U081,U094,2025-01-02 04:15,2
U073,U066,2025-03-11 17:14,1
U099,U097,2025-01-28 00:15,3
U064,U056,2025-01-17 05:30,5
U190,U172,2025-01-17 20:44,3
U029,U042,2025-01-04 01:29,4
U171,U162,2025-03-25 01:41,3
U001,U011,2025-01-03 22:15,4
U064,U052,2025-02-19 10:30,4
U056,U054,2025-01-02 16:38,3
U024,U108,2025-04-01 06:44,1
U190,U189,2025-03-20 06:16,5
U010,U016,2025-02-13 01:36,3
U145,U147,2025-03-07 12:48,1
U080,U083,2025-02-17 04:27,2
U037,U058,2025-03-02 08:03,1
U160,U170,2025-01-10 21:52,2
U074,U072,2025-01-28 17:46,3
U197,U194,2025-02-17 15:46,5
U125,U105,2025-01-31 04:24,4
U069,U074,2025-03-27 09:43,1
U171,U152,2025-03-14 14:56,2
U004,U037,2025-02-28 02:22,1
U061,U042,2025-02-06 10:44,3
U191,U187,2025-01-18 10:08,5
U090,U095,2025-01-25 06:06,5
U121,U125,2025-02-17 03:55,3
U059,U061,2025-03-15 18:53,4
U197,U179,2025-03-03 03:17,3
U103,U112,2025-02-09 03:44,1
U033,U025,2025-01-22 00:09,4
U031,U141,2025-03-07 04:54,3
U135,U140,2025-02-10 00:48,5
U022,U130,2025-01-17 22:55,4
U131,U050,2025-01-14 05:34,2
U099,U087,2025-02-18 04:08,5
U018,U012,2025-02-19 10:27,2
U062,U056,2025-01-10 10:45,2
U100,U098,2025-01-15 04:09,5
U157,U109,2025-03-20 10:58,2
U160,U163,2025-03-24 08:10,5
U122,U120,2025-01-30 15:14,2
U101,U103,2025-01-24 05:02,5
U099,U095,2025-02-24 09:34,1
U155,U166,2025-03-17 04:39,2
U088,U081,2025-03-01 03:23,4
U083,U087,2025-01-07 18:04,2
U071,U036,2025-03-23 13:59,4
U057,U065,2025-01-14 07:05,3
U021,U004,2025-02-17 17:18,3
U183,U197,2025-02-10 05:25,3
U139,U191,2025-02-25 20:38,4
U134,U127,2025-02-05 01:24,3
U189,U194,2025-01-16 15:59,4
U092,U079,2025-01-09 09:29,5
U093,U062,2025-03-21 11:08,4
U111,U108,2025-01-06 11:45,1
U072,U186,2025-03-09 00:02,3
U164,U131,2025-01-31 06:20,4
U112,U103,2025-01-02 12:14,1
U183,U194,2025-02-15 09:17,2
U104,U125,2025-03-17 12:59,4
U170,U167,2025-03-21 13:24,4
U044,U046,2025-03-29 04:12,1
U050,U033,2025-02-03 03:57,5
U163,U173,2025-03-10 01:58,1
U190,U194,2025-03-20 22:09,5
U171,U174,2025-03-13 02:45,4
U007,U019,2025-01-17 18:49,1
U129,U135,2025-03-26 03:14,4
U187,U117,2025-03-19 15:36,3
U137,U133,2025-01-26 12:18,4
U140,U148,2025-02-28 02:45,3
U057,U068,2025-03-12 11:51,5
U175,U162,2025-03-13 10:03,2
U023,U086,2025-02-02 08:31,5
U086,U085,2025-01-10 13:17,1
U145,U141,2025-02-28 12:57,2
U084,U098,2025-02-14 12:27,3
U187,U200,2025-01-15 19:48,2
U032,U044,2025-01-29 14:21,5
U125,U118,2025-02-19 07:50,2
U032,U028,2025-01-09 13:47,5
U170,U104,2025-03-19 21:40,3
U143,U137,2025-02-06 10:43,2
U027,U189,2025-03-16 11:27,3
U036,U033,2025-02-10 14:44,1
U072,U059,2025-01-03 17:34,4
U083,U090,2025-03-01 07:20,2
U108,U101,2025-03-20 09:18,5
U189,U193,2025-02-20 12:10,5
U067,U069,2025-02-06 16:58,5
U100,U192,2025-01-25 03:14,3
U068,U111,2025-02-04 00:46,3
U061,U082,2025-02-19 12:27,3
U061,U073,2025-01-23 19:21,5
U042,U048,2025-02-13 15:15,5
U099,U087,2025-03-07 15:32,5
U058,U120,2025-01-25 19:55,5
U118,U159,2025-02-10 04:32,4
U031,U026,2025-02-21 07:14,4
U012,U016,2025-03-21 07:15,2
U128,U149,2025-01-26 11:07,5
U023,U020,2025-02-15 00:11,4
U063,U057,2025-03-02 13:43,4
U111,U108,2025-02-22 04:52,5
U037,U197,2025-02-19 10:48,5
U020,U002,2025-03-07 03:38,3
U045,U028,2025-02-18 13:18,4
U083,U095,2025-03-12 18:14,2
U008,U167,2025-03-26 21:03,4
U128,U129,2025-03-28 10:53,4
U164,U163,2025-03-05 17:20,4
U131,U129,2025-01-29 15:49,3
U159,U166,2025-01-09 14:12,2
U083,U087,2025-04-01 01:09,1
U042,U034,2025-01-03 04:33,5
U022,U012,2025-01-10 00:36,2
U001,U011,2025-02-05 08:30,3
U128,U131,2025-01-18 11:44,5
U087,U079,2025-03-21 17:07,2
U065,U073,2025-03-19 08:03,2
U176,U195,2025-01-04 20:42,5
U031,U080,2025-03-27 10:36,3
U069,U067,2025-01-16 13:39,1
U070,U061,2025-03-27 16:41,4
U141,U100,2025-03-13 16:48,4
U172,U142,2025-01-07 07:00,3
U058,U066,2025-01-18 11:26,4
U016,U022,2025-03-06 17:51,5
U047,U046,2025-01-30 12:15,5
U175,U168,2025-02-28 21:05,2
U065,U075,2025-01-19 08:37,3
U110,U104,2025-02-09 22:34,4
U016,U004,2025-01-30 14:21,5
U160,U166,2025-03-13 21:49,3
U017,U002,2025-01-18 10:51,1
U071,U061,2025-03-09 14:55,1
U010,U013,2025-01-18 11:12,3
U014,U176,2025-03-21 20:38,4
U067,U062,2025-03-04 07:57,1
U026,U118,2025-03-28 19:13,2
U183,U082,2025-01-07 23:23,2
U002,U013,2025-01-20 02:04,1
U002,U062,2025-03-02 08:54,3
U100,U059,2025-02-04 04:10,4
U070,U058,2025-02-26 22:15,3
U109,U175,2025-02-22 06:21,3
U114,U123,2025-01-02 06:20,4
U097,U072,2025-03-19 00:45,2
U125,U065,2025-02-24 23:00,1
U152,U173,2025-03-12 03:48,4
U078,U096,2025-01-11 17:52,1
U178,U181,2025-02-19 04:57,3
U122,U123,2025-03-27 00:58,4
U110,U119,2025-01-25 03:15,1
U157,U153,2025-02-20 19:52,4
U016,U004,2025-01-11 11:22,2
U156,U153,2025-03-11 17:47,1
U140,U149,2025-01-14 07:51,4
U022,U017,2025-03-12 03:04,2
U127,U144,2025-01-02 15:02,2
U106,U112,2025-02-12 09:19,2
U015,U101,2025-02-04 22:11,2
U130,U017,2025-01-21 20:02,2
U147,U149,2025-02-10 06:43,1
U018,U063,2025-02-25 02:20,5
U055,U068,2025-03-30 02:16,3
U039,U042,2025-02-18 23:08,1
U074,U061,2025-02-04 01:05,1
U047,U033,2025-01-01 20:53,4
U013,U025,2025-02-21 22:31,1
U196,U161,2025-01-04 12:53,5
U021,U016,2025-03-27 15:22,5
U122,U120,2025-02-05 12:54,4
U061,U175,2025-02-14 23:38,5
U191,U180,2025-02-11 16:15,5
U058,U037,2025-01-27 10:39,2
U100,U066,2025-03-22 14:37,2
U014,U010,2025-01-14 10:32,1
U088,U080,2025-03-18 19:18,3
U164,U165,2025-03-09 02:14,4
U165,U162,2025-02-01 01:56,3
U074,U067,2025-01-20 01:49,2
U094,U082,2025-03-28 14:56,5
U193,U200,2025-03-14 10:19,4
U107,U113,2025-01-14 04:44,4
U185,U200,2025-03-21 12:47,5
U082,U086,2025-02-20 13:11,2
U156,U165,2025-01-03 12:04,2
U059,U074,2025-03-04 06:51,5
U169,U157,2025-01-15 01:10,4
U099,U080,2025-03-11 17:58,4
U022,U004,2025-03-13 23:08,1
U002,U011,2025-03-19 22:32,1
U132,U149,2025-01-15 00:59,2
U037,U045,2025-03-25 02:16,3
U191,U186,2025-03-06 09:02,2
U043,U031,2025-03-24 07:51,2
U043,U045,2025-02-07 14:57,2
U198,U184,2025-03-05 03:14,2
U170,U038,2025-03-25 02:08,4
U005,U013,2025-02-13 08:52,4
U019,U023,2025-04-01 05:49,3
U150,U147,2025-01-17 21:13,4
U126,U172,2025-02-21 22:09,3
U022,U095,2025-01-07 14:29,2
U122,U113,2025-03-25 18:42,2
U096,U086,2025-01-27 22:38,1
U176,U195,2025-03-23 10:31,5
U062,U059,2025-01-18 19:28,5
U016,U011,2025-03-24 18:47,2
U098,U085,2025-01-25 06:46,4
U087,U011,2025-01-26 04:01,4
U143,U127,2025-01-13 05:24,5
U010,U013,2025-01-19 12:07,4
U023,U022,2025-01-25 22:26,4
U164,U173,2025-02-01 11:23,2
U185,U067,2025-02-20 14:41,2
U103,U115,2025-03-25 23:05,1
U082,U131,2025-03-23 20:56,1
U075,U054,2025-01-23 10:45,1
U030,U044,2025-03-15 06:48,2
U026,U049,2025-01-02 13:22,3
U159,U019,2025-01-15 13:19,5
U196,U186,2025-03-13 21:19,1
U023,U005,2025-01-19 11:51,1
U026,U039,2025-03-14 09:15,2
U038,U036,2025-02-27 06:19,5
U098,U091,2025-02-25 10:38,2
U015,U006,2025-02-16 12:50,1
U084,U080,2025-03-22 06:24,5
U098,U079,2025-03-06 07:26,1
U150,U133,2025-01-16 02:49,4
U120,U114,2025-02-16 10:48,3
U112,U124,2025-01-23 05:58,5
U110,U125,2025-01-16 00:17,1
U187,U199,2025-01-06 19:57,5
U153,U172,2025-03-11 21:55,4
U036,U044,2025-03-12 13:07,3
U044,U034,2025-03-08 12:28,3
U187,U191,2025-01-28 15:53,4
U083,U094,2025-01-16 20:34,1
U165,U161,2025-03-26 09:17,4
U190,U180,2025-01-14 06:23,4
U005,U011,2025-02-05 01:18,2
U014,U022,2025-03-24 17:47,2
U057,U054,2025-01-02 19:48,4
U111,U107,2025-01-03 07:21,4
U118,U109,2025-01-22 01:30,2
U189,U181,2025-02-14 16:36,1
U028,U036,2025-03-06 14:19,4
U058,U067,2025-03-28 04:45,4
U107,U126,2025-01-02 12:19,3
U146,U135,2025-03-04 14:20,5
U045,U030,2025-02-18 13:00,3
U148,U130,2025-02-03 23:19,5
U017,U005,2025-02-11 00:39,3
U086,U098,2025-01-22 13:57,3
U184,U193,2025-02-01 08:23,5
U080,U086,2025-03-13 11:25,5
U059,U182,2025-02-24 07:04,5
U091,U094,2025-02-13 02:11,1
U038,U050,2025-01-14 20:05,5
U190,U195,2025-03-24 07:01,3
U175,U157,2025-03-14 08:34,3
U150,U127,2025-02-13 10:54,2
U011,U012,2025-03-17 09:53,5
U059,U061,2025-02-14 10:50,3
U096,U082,2025-03-29 12:11,5
U124,U102,2025-03-09 06:42,2
U108,U113,2025-02-08 20:02,1
U080,U085,2025-01-03 15:13,1
U153,U162,2025-02-12 15:40,2
U168,U156,2025-02-24 09:16,4
U034,U040,2025-01-26 10:49,2
U185,U181,2025-02-23 17:11,2
U004,U002,2025-03-21 07:36,3
U130,U136,2025-03-18 01:06,4
U171,U161,2025-02-06 08:03,2
U021,U010,2025-01-30 19:49,5
U017,U002,2025-03-08 02:55,2
U030,U029,2025-02-17 22:01,2
U061,U024,2025-03-11 00:34,3
U087,U021,2025-02-07 21:25,3
U188,U193,2025-01-06 23:46,5
U173,U155,2025-02-20 05:20,1
U115,U041,2025-01-11 19:45,3
U021,U022,2025-02-21 02:16,1
U091,U077,2025-01-05 04:08,2
U055,U067,2025-01-30 09:52,3
U151,U167,2025-03-12 00:20,3
U168,U153,2025-01-04 23:39,2
U083,U094,2025-02-15 01:37,1
U044,U037,2025-02-16 16:15,2
U068,U051,2025-03-25 15:17,5
U142,U138,2025-01-15 21:13,2
U111,U107,2025-01-31 02:28,3
U115,U101,2025-02-10 21:18,5
U172,U132,2025-03-12 10:07,4
U027,U038,2025-03-15 13:45,1
U082,U100,2025-02-22 05:38,3
U173,U055,2025-03-23 00:55,5
U093,U119,2025-01-06 06:46,2
U107,U117,2025-01-03 12:01,3
U061,U057,2025-02-15 19:22,4
U188,U195,2025-03-10 22:49,2
U123,U144,2025-02-24 15:35,3
U078,U095,2025-01-11 02:18,1
U159,U013,2025-03-20 08:30,1
U001,U078,2025-02-10 20:14,4
U054,U052,2025-02-03 20:01,2
U174,U162,2025-01-08 06:14,3
U010,U025,2025-01-04 12:26,1
U115,U107,2025-01-12 06:51,1
U122,U045,2025-01-02 15:20,1
U090,U094,2025-03-05 14:04,5
U023,U019,2025-02-13 23:58,1
U057,U053,2025-02-06 12:26,4
U189,U190,2025-02-07 20:57,2
U148,U012,2025-03-02 02:23,1
U072,U182,2025-01-26 23:05,4
U101,U122,2025-01-26 02:06,2
U176,U196,2025-01-05 08:23,5
U112,U144,2025-03-28 23:59,4
U010,U012,2025-01-09 09:08,5
U193,U181,2025-02-04 07:24,3
U061,U074,2025-02-28 12:36,3
U162,U165,2025-03-31 20:30,3
U072,U075,2025-03-23 06:59,4
U162,U164,2025-01-09 04:50,5
U061,U062,2025-03-01 02:02,4
U052,U061,2025-02-16 10:08,2
U069,U055,2025-03-31 06:47,2
U102,U021,2025-03-17 06:50,4
U129,U140,2025-01-05 03:42,5
U009,U018,2025-03-02 19:55,2
U141,U129,2025-01-30 23:02,3
U167,U172,2025-03-16 21:55,4
U149,U139,2025-03-04 22:31,1
U180,U198,2025-03-23 19:40,2
U041,U030,2025-03-25 16:41,1
U108,U125,2025-02-07 07:10,3
U139,U164,2025-01-10 02:59,2
U010,U004,2025-01-20 04:23,2
U175,U019,2025-01-07 10:24,3
U039,U037,2025-03-02 13:15,4
U111,U113,2025-02-04 11:00,2
U196,U195,2025-02-24 08:09,1
U016,U011,2025-02-02 07:51,1
U188,U200,2025-02-19 09:30,1
U147,U141,2025-01-03 19:41,4
U200,U178,2025-02-13 13:22,3
U033,U049,2025-03-17 22:32,1
U133,U145,2025-03-31 21:34,4
U118,U125,2025-03-06 09:59,4
U154,U151,2025-03-04 13:50,2
U017,U015,2025-01-07 14:57,5
U123,U119,2025-02-05 15:59,5
U009,U019,2025-01-12 01:03,5
U185,U181,2025-01-04 22:58,3
U154,U172,2025-01-15 10:09,1
U183,U176,2025-02-05 14:04,2
U010,U006,2025-01-21 16:04,3
U150,U127,2025-01-22 03:40,4
U030,U026,2025-01-16 07:12,2
U015,U016,2025-02-03 17:00,4
U146,U143,2025-01-11 00:16,4
U114,U118,2025-03-06 05:38,4
U034,U047,2025-02-02 21:16,4
U080,U079,2025-01-03 12:40,2
U072,U057,2025-02-10 22:31,5
U116,U103,2025-03-30 16:53,2
U043,U027,2025-01-22 11:21,2
U074,U073,2025-02-05 21:31,1
U004,U017,2025-03-02 22:42,3
U010,U005,2025-01-30 10:01,2
U055,U049,2025-03-02 18:36,4
U079,U081,2025-02-05 15:17,5
U030,U047,2025-01-12 21:20,5
U041,U042,2025-04-01 04:55,1
U096,U100,2025-02-07 23:19,3
U068,U105,2025-01-06 18:21,4
U150,U138,2025-01-03 20:26,2
U138,U140,2025-02-25 12:46,2
U066,U070,2025-03-28 17:58,5
U166,U194,2025-02-28 03:55,2
U116,U125,2025-01-08 03:57,4
U153,U168,2025-01-09 01:20,2
U012,U009,2025-02-06 03:06,3
U135,U143,2025-02-25 10:17,3
U121,U131,2025-02-14 17:35,4
U066,U061,2025-01-09 14:45,4
U137,U133,2025-02-26 10:28,1
U109,U110,2025-02-24 10:33,5
U133,U144,2025-01-18 17:49,3
U050,U086,2025-02-17 10:52,4
U172,U157,2025-03-12 06:24,5
U036,U198,2025-03-04 23:41,3
U148,U143,2025-02-20 15:50,3
U194,U192,2025-01-17 02:49,1
U121,U108,2025-01-20 01:25,5
U131,U146,2025-03-16 00:32,4
U166,U173,2025-01-25 23:26,5
U130,U134,2025-02-25 11:47,1
U168,U163,2025-01-01 15:08,1
U116,U115,2025-03-27 09:59,5
U117,U119,2025-02-08 14:34,2
U171,U166,2025-02-24 12:23,1
U161,U154,2025-01-14 01:14,2
U002,U003,2025-01-26 13:53,1
U105,U104,2025-03-26 14:19,4
U001,U004,2025-02-01 01:30,5
U114,U108,2025-01-22 07:30,2
U118,U112,2025-03-18 20:41,2
U150,U133,2025-01-16 23:23,4
U006,U003,2025-02-22 07:53,5
U070,U125,2025-01-12 16:06,1
U158,U165,2025-02-25 19:42,2
U057,U072,2025-01-11 02:35,1
U114,U119,2025-03-20 16:39,5
U115,U055,2025-01-22 11:12,1
U105,U183,2025-02-10 18:13,4
U170,U175,2025-02-04 22:28,1
U107,U122,2025-02-15 01:44,4
U136,U126,2025-02-15 18:09,5
U195,U182,2025-02-04 06:44,2
U156,U163,2025-01-20 04:29,2
U159,U158,2025-03-07 09:47,3
U098,U154,2025-03-22 05:25,4
U176,U145,2025-01-23 13:11,1
U013,U019,2025-02-01 18:03,3
U189,U199,2025-02-10 20:49,4
U112,U108,2025-01-25 19:54,3
U067,U123,2025-01-15 17:22,2
U077,U088,2025-02-03 12:25,1
U048,U031,2025-01-09 17:48,5
U009,U003,2025-02-18 03:26,3
U105,U114,2025-01-26 16:25,2
U106,U117,2025-01-07 09:52,2
U159,U014,2025-02-22 10:53,2
U189,U181,2025-01-22 20:05,1
U051,U155,2025-03-07 04:32,1
U034,U031,2025-02-18 22:26,1
U149,U131,2025-01-15 05:37,5
U063,U003,2025-01-30 23:01,2
U017,U002,2025-02-06 04:16,2
U180,U183,2025-03-20 18:23,5
U147,U072,2025-02-12 10:08,2
U048,U033,2025-01-16 02:05,5
U038,U030,2025-01-01 09:15,3
U197,U200,2025-02-06 06:55,5
U167,U165,2025-03-29 21:45,5
U175,U159,2025-02-17 23:32,4
U180,U177,2025-01-20 03:57,1
U135,U129,2025-02-25 08:19,4
U112,U101,2025-01-29 23:08,4
U007,U014,2025-03-12 21:10,2
U071,U060,2025-02-06 09:51,2
U090,U084,2025-02-14 15:22,4
U187,U182,2025-02-12 12:05,2
U008,U005,2025-03-23 23:36,1
U012,U015,2025-03-25 02:35,4
U111,U020,2025-02-24 18:52,3
U177,U191,2025-01-07 12:00,3
U117,U106,2025-01-02 08:09,1
U102,U101,2025-02-16 17:02,2
U126,U140,2025-02-07 01:16,3
U187,U195,2025-01-31 01:20,3
U040,U050,2025-02-14 16:59,4
U022,U025,2025-02-20 05:06,5
U063,U061,2025-03-02 11:08,4
U105,U125,2025-03-25 14:50,2
U159,U163,2025-01-21 09:06,1
U005,U007,2025-02-08 09:57,5
U064,U068,2025-02-22 01:13,3
U054,U001,2025-01-07 08:40,2
U068,U187,2025-02-14 06:23,1
U072,U066,2025-01-11 17:33,1
U145,U149,2025-03-31 11:39,3
U067,U148,2025-02-21 04:12,5
U190,U085,2025-02-27 19:35,3
U120,U125,2025-03-23 22:37,2
U014,U016,2025-01-26 02:36,3
U077,U128,2025-03-30 21:01,4
U109,U104,2025-03-17 08:12,2
U083,U090,2025-03-24 17:23,2
U179,U139,2025-02-16 09:01,3
U164,U169,2025-01-31 11:32,3
U070,U066,2025-03-28 16:00,1
U014,U013,2025-03-16 12:31,4
U176,U186,2025-03-27 16:12,3
U091,U088,2025-02-23 21:25,2
U085,U083,2025-02-25 21:48,2
U144,U138,2025-03-19 23:50,1
U049,U026,2025-01-14 23:46,5
U048,U046,2025-01-15 03:48,1
U052,U055,2025-01-27 20:37,3
U147,U144,2025-01-09 07:11,1
U111,U104,2025-01-04 21:04,5
U020,U001,2025-03-17 02:26,2
U166,U154,2025-01-25 15:59,5
U045,U035,2025-01-13 22:48,1
U106,U121,2025-03-12 23:21,5
U098,U085,2025-01-04 05:58,4
U171,U042,2025-03-05 14:03,4
U092,U131,2025-01-29 05:20,3
U164,U158,2025-03-14 15:04,3
U083,U090,2025-01-14 20:53,2
U019,U004,2025-01-14 18:36,1
U033,U039,2025-03-08 02:54,1
U148,U136,2025-02-23 01:26,2
U164,U154,2025-03-26 23:20,5
U123,U107,2025-03-23 20:26,4
U131,U138,2025-01-18 18:18,3
U009,U013,2025-01-18 07:33,4
U173,U161,2025-02-11 06:11,2
U191,U182,2025-02-08 18:38,3
U193,U146,2025-03-21 08:28,2
U059,U064,2025-01-09 19:38,4
U086,U038,2025-01-05 03:48,2
U184,U182,2025-03-07 22:34,2
U021,U012,2025-03-07 02:00,3
U096,U087,2025-01-01 13:58,1
U082,U080,2025-01-31 14:23,5
U167,U169,2025-02-26 01:56,5
U015,U024,2025-02-24 03:00,5
U177,U185,2025-01-31 14:35,1
U041,U039,2025-03-26 21:32,4
U156,U147,2025-01-22 08:30,3
U058,U116,2025-01-25 10:14,3
U010,U059,2025-03-03 04:12,5
U101,U117,2025-01-22 04:44,1
U183,U188,2025-01-01 12:54,4
U034,U043,2025-03-16 11:08,5
U005,U129,2025-03-21 09:22,3
U016,U019,2025-01-20 18:12,5
U125,U104,2025-03-20 04:17,2
U100,U144,2025-03-08 09:21,3
U076,U097,2025-02-09 10:15,1
U091,U076,2025-01-10 09:16,2
U188,U067,2025-01-16 17:14,3
U156,U164,2025-01-19 21:50,2
U110,U118,2025-03-05 06:43,5
U030,U029,2025-03-19 23:28,1
U017,U200,2025-03-12 10:49,3
U030,U196,2025-02-11 09:51,3
U192,U179,2025-02-14 03:17,5
U037,U028,2025-02-02 11:39,2
U093,U084,2025-03-08 08:28,1
U159,U197,2025-01-09 04:47,1
U131,U142,2025-03-16 12:52,5
U126,U136,2025-03-20 00:30,4
U154,U167,2025-03-12 22:53,4
U095,U096,2025-02-14 08:03,5
U049,U033,2025-03-18 07:01,4
U188,U186,2025-02-28 19:37,3
U002,U015,2025-01-18 10:52,1
U022,U012,2025-03-01 09:08,3
U011,U015,2025-01-09 02:10,2
U153,U134,2025-02-21 10:25,1
U191,U193,2025-02-20 12:59,3
U021,U011,2025-01-23 17:28,3
U160,U152,2025-03-20 11:45,1
U122,U105,2025-03-05 16:13,3
U040,U072,2025-02-01 06:36,4
U136,U094,2025-01-08 04:05,4
U114,U101,2025-01-03 17:07,3
U030,U042,2025-02-25 05:04,5
U093,U030,2025-01-09 23:52,3
U129,U131,2025-02-22 19:11,2
U033,U027,2025-01-26 12:03,3
U141,U194,2025-02-19 14:30,1
U141,U148,2025-03-21 13:12,5
U104,U113,2025-03-10 19:25,1
U153,U172,2025-01-31 16:01,3
U053,U054,2025-03-28 17:05,5
U177,U191,2025-03-16 00:22,3
U034,U031,2025-02-24 02:44,5
U064,U021,2025-01-31 17:46,2
U046,U026,2025-02-13 03:25,2
U056,U074,2025-03-29 11:14,5
U151,U172,2025-02-17 22:27,3
U091,U093,2025-01-22 23:43,1
U157,U167,2025-01-27 23:25,3
U169,U160,2025-01-25 20:25,2
U048,U039,2025-01-24 13:03,5
U038,U044,2025-01-18 17:36,3
U071,U069,2025-01-12 06:05,2
U008,U024,2025-01-05 13:43,1
U057,U059,2025-03-29 15:50,1
U098,U079,2025-03-17 21:05,1
U132,U140,2025-01-14 11:24,2
U037,U036,2025-03-31 06:50,4
U115,U122,2025-01-19 16:17,2
U132,U147,2025-03-20 10:34,2
U114,U102,2025-01-24 06:44,1
U052,U074,2025-02-12 02:08,5
U154,U160,2025-01-14 03:21,3
U175,U151,2025-02-13 09:47,5
U187,U185,2025-02-28 23:23,2
U116,U113,2025-01-25 21:02,2
U180,U176,2025-03-13 10:08,2
U158,U168,2025-02-16 17:27,2
U142,U134,2025-03-05 03:07,1
U124,U113,2025-01-03 04:20,1
U033,U035,2025-01-24 06:43,2
U071,U066,2025-03-31 07:16,5
U011,U025,2025-03-05 02:32,5
U126,U141,2025-01-18 22:31,2
U124,U125,2025-02-09 00:05,3
U119,U107,2025-02-27 13:44,4
U129,U138,2025-02-13 06:46,5
U086,U077,2025-03-20 09:53,3
U093,U086,2025-02-15 05:18,2
U023,U003,2025-01-10 17:25,5
U060,U106,2025-03-21 05:00,1
U168,U174,2025-01-07 22:36,1
U198,U180,2025-01-21 10:11,2
U027,U034,2025-01-02 09:33,5
U121,U119,2025-03-23 07:48,4
U024,U088,2025-03-26 09:33,2
U034,U045,2025-02-19 04:51,2
U118,U106,2025-03-02 03:53,1
U126,U056,2025-03-14 18:16,4
U026,U023,2025-02-16 04:21,5
U101,U114,2025-03-05 17:15,3
U193,U116,2025-02-20 23:13,2
U046,U044,2025-01-03 06:39,3
U058,U074,2025-01-05 10:45,2
U082,U080,2025-01-28 04:26,4
U183,U195,2025-01-13 13:51,1
U087,U096,2025-03-11 04:47,3
U111,U040,2025-03-04 22:46,1
U041,U122,2025-02-04 17:56,1
U018,U006,2025-03-04 15:10,4
U057,U053,2025-01-15 07:50,4
U098,U081,2025-01-25 13:23,5
U140,U131,2025-03-17 18:29,5
U090,U089,2025-01-17 00:02,5
U114,U072,2025-01-30 01:43,3
U007,U013,2025-01-28 05:36,4
U178,U194,2025-01-11 19:58,2
U059,U189,2025-03-06 01:45,5
U029,U144,2025-02-13 23:05,4
U149,U183,2025-03-09 11:20,2
U068,U058,2025-03-15 01:19,2
U017,U020,2025-02-19 19:39,1
U036,U042,2025-02-19 06:19,1
U143,U130,2025-03-17 17:02,2
U182,U180,2025-03-15 09:53,2
U042,U030,2025-02-27 04:59,4
U049,U050,2025-01-30 15:04,4
U111,U101,2025-01-04 08:19,1
U024,U001,2025-01-08 22:42,3
U028,U048,2025-01-18 15:58,4
U026,U113,2025-03-13 15:54,5
U021,U024,2025-03-30 12:02,5
U062,U061,2025-02-04 20:02,1
U125,U110,2025-01-25 01:44,2
U070,U072,2025-02-22 19:07,5
U192,U200,2025-01-08 07:20,2
U117,U120,2025-03-14 02:05,1
U177,U192,2025-02-09 21:35,4
U001,U022,2025-01-25 02:47,2
U128,U137,2025-03-08 05:22,5
U063,U069,2025-01-12 12:34,2
U117,U108,2025-01-30 14:38,3
U135,U131,2025-03-13 19:09,5
U018,U023,2025-01-04 22:01,4
U083,U089,2025-02-25 03:18,5
U126,U150,2025-02-27 04:01,5
U027,U034,2025-03-15 07:58,1
U101,U065,2025-03-18 07:51,5
U009,U021,2025-03-09 01:53,3
U165,U046,2025-02-20 03:58,4
U092,U082,2025-02-04 17:56,2
U038,U034,2025-01-23 09:09,2
U073,U063,2025-02-26 16:23,3
U114,U110,2025-01-15 18:27,1
U175,U173,2025-01-13 05:06,3
U157,U154,2025-01-29 12:17,3
U013,U010,2025-03-28 09:22,4
U150,U135,2025-03-21 04:24,1
U099,U097,2025-02-03 22:11,3
U060,U057,2025-03-29 15:26,1
U188,U185,2025-02-07 18:15,3
U132,U148,2025-03-29 17:05,5
U025,U008,2025-03-08 20:24,1
U059,U061,2025-03-08 08:52,2
U022,U023,2025-02-01 06:35,1
U010,U008,2025-01-19 23:02,2
U132,U142,2025-01-24 18:59,5
U038,U049,2025-01-21 12:42,2
U024,U025,2025-03-07 01:52,5
U199,U179,2025-02-19 21:12,1
U083,U094,2025-01-09 15:42,2
U063,U071,2025-01-30 17:38,2
U152,U174,2025-01-08 07:51,1
U157,U195,2025-02-16 06:56,4
U138,U129,2025-02-12 08:37,5
U200,U142,2025-03-07 21:29,5
U003,U048,2025-01-20 07:55,1
U008,U151,2025-01-11 01:11,3
U043,U030,2025-03-18 13:45,5
U008,U023,2025-02-04 16:12,3
U184,U199,2025-01-27 03:38,5
U151,U170,2025-03-04 05:44,2
U130,U127,2025-01-08 06:34,3
U042,U046,2025-03-12 14:10,5
U108,U113,2025-02-18 13:33,4
U019,U005,2025-03-11 04:38,4
U057,U070,2025-02-25 03:00,5
U090,U084,2025-01-31 20:14,3
U034,U027,2025-03-05 15:09,3
U174,U152,2025-03-17 20:15,3
U133,U141,2025-03-27 11:49,4
U017,U023,2025-01-10 01:40,1
U175,U151,2025-03-27 18:56,1
U015,U134,2025-03-22 21:10,2
U170,U153,2025-03-16 19:19,1
U178,U186,2025-03-27 22:08,2
U075,U057,2025-01-24 10:55,3
U167,U168,2025-01-18 00:39,4
U196,U191,2025-02-08 23:16,5
U070,U057,2025-03-31 21:24,5
U075,U192,2025-03-29 23:59,1
U118,U101,2025-03-14 14:06,5
U200,U050,2025-02-01 12:26,3
U064,U052,2025-01-20 15:02,2
U027,U029,2025-03-03 01:08,3
U020,U002,2025-02-16 12:25,3
U149,U182,2025-01-07 05:38,3
U051,U073,2025-02-11 13:49,3
U063,U075,2025-02-24 18:01,5
U175,U170,2025-02-22 11:06,4
U169,U076,2025-03-17 21:46,5
U178,U192,2025-01-28 05:38,2
U144,U138,2025-02-28 07:03,5
U144,U129,2025-01-28 03:08,1
U119,U120,2025-03-14 10:48,2
U049,U028,2025-01-18 04:02,2
U075,U064,2025-02-07 03:00,5
U014,U020,2025-03-06 00:28,1
U122,U040,2025-02-06 13:25,1
U151,U171,2025-02-10 13:32,2
U118,U124,2025-01-22 02:18,5
U147,U145,2025-03-24 23:15,3
U072,U068,2025-03-11 05:43,1
U073,U001,2025-03-24 00:04,3
U170,U031,2025-03-31 16:20,2
U145,U157,2025-02-09 20:24,3
U063,U069,2025-03-11 19:01,3
U064,U072,2025-01-25 13:10,1
U169,U163,2025-02-01 17:02,4
U076,U093,2025-02-14 04:47,4
U075,U057,2025-03-15 19:25,5
U150,U129,2025-01-24 06:21,2
U168,U155,2025-01-23 05:36,5
U117,U109,2025-02-27 07:36,1
U043,U123,2025-03-10 19:29,2
U170,U163,2025-03-24 22:06,4
U004,U025,2025-02-05 13:49,5
U047,U032,2025-03-16 10:53,5
U002,U003,2025-02-04 11:37,5
U103,U110,2025-02-27 15:57,5
U127,U140,2025-02-07 10:49,2
U134,U051,2025-03-21 16:33,5
U165,U106,2025-02-27 09:39,2
U133,U146,2025-01-26 19:13,3
U190,U195,2025-01-26 22:56,4
U180,U199,2025-02-07 00:50,4
U062,U051,2025-02-20 21:25,1
U199,U196,2025-03-17 12:26,4
U013,U042,2025-02-21 19:10,5
U101,U113,2025-03-27 13:58,5
U103,U107,2025-01-19 09:29,2
U030,U036,2025-02-02 21:47,2
U154,U165,2025-02-19 21:53,1
U081,U097,2025-01-10 14:04,1
U013,U004,2025-01-21 06:07,4
U130,U140,2025-02-15 10:58,5
U138,U129,2025-01-18 15:54,2
U110,U109,2025-02-24 06:27,1
U069,U061,2025-01-05 16:23,2
U076,U131,2025-01-05 05:56,1
U102,U108,2025-02-11 10:50,2
U038,U041,2025-02-18 22:56,1
U119,U190,2025-03-14 07:49,4
U056,U053,2025-01-02 14:36,2
U194,U193,2025-03-17 15:18,2
U084,U092,2025-03-27 00:53,4
U149,U141,2025-03-13 17:32,5
U158,U168,2025-01-23 10:54,1
U046,U140,2025-03-04 08:49,3
U133,U144,2025-03-10 14:59,4
U006,U127,2025-03-13 20:11,5
U163,U172,2025-03-26 17:17,1
U013,U016,2025-01-22 19:26,4
U051,U062,2025-03-11 22:09,1
U053,U072,2025-03-18 20:29,2
U136,U147,2025-01-15 19:48,1
U174,U169,2025-02-03 15:37,1
U179,U197,2025-01-25 10:42,4
U042,U046,2025-03-12 10:17,2
U061,U069,2025-02-06 13:17,4
U018,U019,2025-02-18 23:06,3
U118,U101,2025-03-29 02:03,2
U011,U002,2025-03-28 22:21,5
U097,U093,2025-02-09 18:13,5
U117,U110,2025-03-01 08:23,2
U149,U145,2025-02-16 22:55,5
U035,U037,2025-02-11 11:06,5
U023,U021,2025-02-10 12:15,1
U058,U068,2025-02-06 21:25,4
U093,U100,2025-03-30 19:36,2
U184,U188,2025-03-13 08:28,1
U017,U185,2025-02-27 11:29,4
U188,U193,2025-01-14 23:29,5
U167,U166,2025-03-07 17:40,2
U034,U082,2025-02-17 07:28,5
U021,U018,2025-01-30 07:14,5
U072,U071,2025-03-14 11:02,2
U101,U122,2025-03-23 18:32,3
U163,U174,2025-02-26 17:24,3
U001,U022,2025-01-12 16:41,2
U075,U074,2025-02-01 12:29,3
U067,U063,2025-02-12 06:23,5
U062,U070,2025-01-28 02:36,2
U072,U068,2025-03-09 15:09,5
U101,U057,2025-03-21 04:26,2
U036,U038,2025-01-16 07:11,3
U131,U143,2025-03-11 15:31,3
U181,U186,2025-02-05 17:57,2
U044,U104,2025-03-28 10:42,5
U086,U092,2025-02-25 16:03,3
U043,U048,2025-02-05 22:37,3
U192,U184,2025-03-29 08:58,4
U144,U084,2025-01-02 18:08,5
U200,U197,2025-01-27 11:37,3
U085,U096,2025-02-27 01:21,1
U132,U148,2025-01-08 02:46,1
U154,U124,2025-01-16 08:02,1
U144,U133,2025-01-25 19:55,1
U132,U138,2025-01-29 07:55,1
U179,U186,2025-03-17 15:55,3
U099,U081,2025-02-03 15:46,5
U108,U122,2025-03-08 13:59,5
U165,U161,2025-01-05 12:02,1
U069,U039,2025-03-05 18:53,1
U027,U050,2025-02-02 13:01,2
U048,U044,2025-02-18 00:05,4
U075,U066,2025-01-01 22:41,3
U092,U093,2025-03-20 06:57,3
U061,U068,2025-03-15 23:30,4
U150,U144,2025-02-16 10:20,4
U193,U190,2025-01-26 18:39,3
U036,U127,2025-03-06 14:30,3
U118,U121,2025-02-01 05:43,5
U136,U148,2025-03-18 22:27,5
U060,U070,2025-03-25 04:59,1
U178,U110,2025-04-01 00:36,3
U002,U005,2025-03-15 07:10,3
U094,U096,2025-03-22 06:54,2
U080,U096,2025-03-22 04:38,1
U128,U132,2025-01-01 20:10,3
U017,U007,2025-02-27 23:43,4
U072,U054,2025-01-27 04:12,3
U163,U169,2025-02-26 18:19,4
U089,U090,2025-03-24 03:36,4
U121,U114,2025-01-14 23:02,1
U062,U060,2025-01-20 08:53,1
U073,U068,2025-03-15 20:30,1
U078,U080,2025-01-19 13:18,5
U021,U010,2025-02-27 03:17,1
U003,U017,2025-01-23 14:39,4
U057,U073,2025-02-20 15:29,4
U075,U066,2025-02-07 02:36,5
U181,U187,2025-02-14 00:44,4
U143,U146,2025-01-25 12:16,4
U069,U052,2025-01-30 22:55,2
U188,U197,2025-02-20 17:47,2
U152,U168,2025-03-21 10:25,2
U046,U041,2025-01-17 07:29,1
U082,U090,2025-03-13 23:41,2
U168,U150,2025-03-30 07:36,2
U008,U084,2025-01-17 21:07,2
U099,U089,2025-03-22 13:47,2
U188,U110,2025-03-15 02:19,3
U046,U035,2025-01-22 20:08,5
U081,U086,2025-03-01 19:11,3
U094,U093,2025-01-19 19:52,3
U109,U114,2025-01-12 10:51,4
U199,U191,2025-01-21 06:07,2
U075,U064,2025-03-28 01:36,1
U109,U119,2025-03-16 03:08,4
U031,U040,2025-02-25 06:36,5
U069,U056,2025-02-10 09:30,1
U133,U147,2025-03-24 08:25,5
U199,U179,2025-01-20 20:00,4
U130,U144,2025-03-28 22:00,5
U133,U063,2025-01-13 05:26,2
U030,U037,2025-02-06 11:32,1
U052,U059,2025-03-11 14:25,5
U192,U194,2025-02-10 05:38,3
U147,U142,2025-02-02 20:40,2
U152,U175,2025-03-14 06:30,1
U110,U108,2025-03-26 07:19,4
U129,U140,2025-01-07 09:04,3
U042,U054,2025-03-21 16:55,5
U024,U006,2025-03-13 05:37,2
U075,U074,2025-03-28 01:27,5
U003,U010,2025-01-19 10:22,4
U077,U095,2025-03-17 06:24,2
U148,U107,2025-02-13 02:56,1
U178,U195,2025-03-30 09:20,1
U021,U005,2025-03-08 22:32,2
U054,U072,2025-03-26 10:28,4
U052,U054,2025-02-25 11:28,1
U163,U154,2025-01-13 02:54,2
U015,U005,2025-03-08 03:24,3
U183,U182,2025-03-26 13:44,5
U077,U085,2025-02-22 09:17,2
U132,U143,2025-01-02 13:17,2
U125,U117,2025-01-10 18:22,2
U106,U104,2025-01-09 12:49,3
U171,U167,2025-01-14 03:10,3
U148,U171,2025-01-31 01:33,2
U113,U105,2025-01-02 21:23,5
U137,U149,2025-02-04 23:12,1
U189,U168,2025-01-01 10:42,2
U130,U150,2025-03-05 13:17,5
U025,U004,2025-01-22 03:57,4
U107,U114,2025-03-27 10:54,3
U138,U135,2025-03-11 17:51,2
U009,U003,2025-03-23 04:05,2
U177,U189,2025-01-12 12:56,3
U183,U193,2025-02-15 09:01,3
U015,U024,2025-03-08 00:14,1
U014,U008,2025-01-13 03:57,2
U136,U167,2025-03-28 08:43,1
U106,U122,2025-02-27 20:02,1
U102,U108,2025-01-06 16:07,1
U138,U141,2025-02-21 17:00,4
U120,U103,2025-02-04 02:13,4
U137,U135,2025-02-09 00:47,2
U065,U123,2025-03-18 22:27,1
U115,U114,2025-01-01 13:58,1
U025,U004,2025-03-14 21:38,5
U076,U099,2025-03-14 11:18,4
U040,U038,2025-01-26 11:18,1
U167,U152,2025-02-19 21:12,1
U140,U129,2025-01-14 19:35,5
U036,U048,2025-01-06 20:49,4
U014,U015,2025-01-10 14:05,2
U086,U078,2025-03-30 12:19,1
U074,U093,2025-03-30 14:55,5
U126,U077,2025-01-19 11:48,4
U076,U094,2025-02-09 22:28,2
U140,U139,2025-03-06 08:37,4
U176,U182,2025-01-12 07:13,5
U097,U100,2025-01-19 13:42,5
U184,U189,2025-03-23 07:26,4
U053,U062,2025-02-23 14:16,1
U073,U066,2025-01-03 01:27,1
U113,U114,2025-02-09 01:39,1
U146,U144,2025-01-03 14:28,1
U015,U019,2025-02-14 12:55,4
U102,U101,2025-03-10 12:15,3
U048,U044,2025-03-11 06:19,3
U133,U147,2025-03-06 18:03,1
U052,U059,2025-02-25 21:47,5
U121,U120,2025-03-17 03:03,4
U102,U156,2025-02-18 12:01,4
U032,U040,2025-02-24 01:34,4
U163,U170,2025-02-20 23:47,3
U154,U155,2025-01-21 00:28,4
U016,U019,2025-01-25 13:27,2
U075,U061,2025-02-10 02:24,2
U119,U104,2025-02-25 21:45,4
U018,U183,2025-03-17 04:52,3
U172,U155,2025-01-03 17:28,2
U193,U181,2025-01-10 22:53,1
U072,U051,2025-02-27 18:03,3
U033,U037,2025-03-04 14:58,5
U180,U179,2025-01-08 22:24,4
U188,U138,2025-02-16 04:14,5
U170,U131,2025-01-04 02:42,1
U103,U067,2025-01-29 00:20,5
U040,U037,2025-02-17 20:12,5
U094,U090,2025-03-30 20:30,5
U018,U006,2025-01-06 22:49,1
U014,U016,2025-01-30 11:29,4
U057,U063,2025-02-21 14:49,1
U153,U175,2025-03-01 07:28,1
U131,U128,2025-03-03 17:07,5
U070,U072,2025-02-08 21:05,5
U039,U119,2025-03-08 10:25,4
U197,U196,2025-01-05 21:16,3
U133,U148,2025-01-12 01:35,3
U023,U149,2025-02-08 21:11,1
U016,U018,2025-02-28 19:11,2
U122,U123,2025-02-20 16:30,5
U162,U154,2025-03-13 05:49,4
U156,U160,2025-02-28 14:05,1
U108,U180,2025-02-28 13:20,3
U097,U099,2025-02-20 02:29,2
U151,U159,2025-02-11 13:43,5
U040,U026,2025-01-15 06:07,5
U155,U156,2025-03-31 15:31,3
U096,U089,2025-01-26 09:13,5
U017,U019,2025-03-29 17:29,2
U168,U173,2025-02-16 00:13,2
U155,U159,2025-02-06 07:18,4
U195,U194,2025-01-07 12:52,4
U028,U035,2025-01-08 01:20,2
U029,U151,2025-03-23 21:28,2
U057,U073,2025-02-07 09:56,1
U199,U189,2025-03-23 17:56,1
U077,U084,2025-01-30 13:42,5
U161,U175,2025-03-17 21:17,1
U093,U072,2025-03-10 15:26,3
U104,U120,2025-01-10 04:41,4
U007,U023,2025-01-27 15:39,3
U163,U153,2025-02-13 02:49,4
U192,U017,2025-03-12 15:19,5
U120,U118,2025-02-22 12:15,5
U013,U015,2025-03-18 04:25,5
U103,U115,2025-01-25 23:43,4
U033,U036,2025-02-26 23:58,2
U161,U097,2025-03-28 13:09,3
U098,U094,2025-02-06 08:41,5
U117,U113,2025-02-21 23:06,3
U036,U044,2025-01-25 02:38,3
U013,U029,2025-01-12 15:08,5
U052,U072,2025-03-13 10:13,4
U064,U179,2025-03-26 20:52,4
U012,U090,2025-01-11 15:42,1
U172,U174,2025-01-06 23:09,2
U138,U193,2025-03-12 12:54,5
U054,U108,2025-01-29 22:47,2
U054,U067,2025-02-23 01:25,3
U013,U016,2025-01-02 00:46,1
U105,U110,2025-02-18 14:34,5
U010,U013,2025-02-04 11:17,3
U164,U166,2025-02-07 16:39,1
U159,U156,2025-01-02 15:21,3
U141,U150,2025-02-10 15:57,3
U019,U015,2025-03-13 13:26,3
U082,U092,2025-03-15 15:07,5
U058,U062,2025-01-24 19:48,4
U034,U163,2025-01-18 02:39,4
U102,U104,2025-02-06 10:08,3
U133,U127,2025-01-02 04:00,4
U054,U056,2025-01-15 04:23,3
U189,U191,2025-03-05 11:57,4
U075,U061,2025-02-26 03:42,1
U028,U031,2025-01-26 21:42,1
U118,U117,2025-02-28 12:49,4
U002,U195,2025-03-24 15:46,5
U194,U192,2025-03-31 17:09,4
U193,U180,2025-01-19 03:54,1
U140,U126,2025-03-27 01:46,3
U159,U156,2025-02-28 11:01,4
U031,U027,2025-01-19 21:24,5
U186,U183,2025-02-09 11:31,3
U175,U168,2025-01-05 17:03,4
U062,U059,2025-03-28 14:54,5
U054,U072,2025-02-21 01:51,2
U112,U125,2025-03-31 12:43,3
U159,U160,2025-03-01 18:06,3
U186,U199,2025-01-14 14:09,2
U020,U029,2025-01-14 01:42,2
U185,U200,2025-02-19 05:40,5
U197,U195,2025-03-09 02:13,1
U175,U157,2025-01-23 10:36,3
U066,U056,2025-01-04 03:04,2
U143,U138,2025-02-04 21:02,2
U122,U091,2025-03-07 08:13,1
U003,U020,2025-03-13 16:45,4
U011,U066,2025-01-31 06:36,2
U086,U099,2025-02-19 23:16,5
U069,U160,2025-03-23 16:31,2
U085,U076,2025-01-04 14:07,1
U165,U166,2025-02-16 07:31,3
U039,U037,2025-01-17 00:17,3
U134,U139,2025-01-06 04:50,5
U148,U128,2025-02-13 13:53,5
U198,U193,2025-01-11 02:04,1
U133,U146,2025-02-24 13:26,1
U192,U197,2025-01-24 14:03,5
U169,U167,2025-02-17 03:55,2
U196,U177,2025-02-24 20:12,1
U141,U144,2025-03-06 07:53,2
U027,U071,2025-03-18 18:27,4
U113,U108,2025-01-04 15:34,1
U154,U139,2025-03-10 09:22,4
U059,U055,2025-03-24 16:02,2
U167,U058,2025-02-24 06:06,4
U083,U094,2025-03-14 10:54,1
U046,U047,2025-02-20 08:51,4
U069,U057,2025-03-31 20:16,2
U023,U019,2025-02-21 00:53,2
U027,U029,2025-01-02 16:33,2
U001,U003,2025-03-05 06:57,5
U163,U154,2025-01-05 10:58,1
U198,U188,2025-01-12 09:51,1
U107,U112,2025-02-05 06:14,1
U093,U085,2025-03-26 20:27,3
U044,U042,2025-03-11 01:34,1
U114,U125,2025-03-12 02:18,5
U086,U085,2025-02-07 12:44,5
U027,U026,2025-01-19 09:45,1
U156,U151,2025-02-04 00:24,3
U191,U151,2025-02-04 20:21,4
U085,U006,2025-03-24 12:30,1
U164,U159,2025-01-09 17:02,1
U162,U160,2025-03-21 07:05,1
U085,U076,2025-03-15 20:35,4
U038,U045,2025-03-16 18:49,5
U177,U192,2025-02-26 07:52,1
U089,U093,2025-01-19 17:56,3
U168,U174,2025-02-21 23:39,5
U063,U070,2025-02-12 02:56,1
U168,U167,2025-03-24 01:04,5
U195,U178,2025-02-03 11:21,1
U156,U162,2025-02-11 14:45,1
U151,U173,2025-02-24 11:08,2
U030,U039,2025-03-22 12:57,3
U063,U051,2025-01-28 21:18,1
U025,U019,2025-02-03 21:05,2
U119,U093,2025-01-31 21:09,5
U040,U041,2025-02-11 22:09,3
U066,U060,2025-02-05 09:15,5
U029,U043,2025-03-03 14:08,5
U045,U048,2025-02-24 05:43,4
U112,U069,2025-01-17 10:43,2
U186,U192,2025-02-23 19:42,1
U124,U112,2025-01-25 13:57,2
U147,U135,2025-02-04 06:29,4
U012,U082,2025-02-09 22:31,5
U055,U062,2025-02-15 13:35,1
U024,U002,2025-01-07 02:25,4
U139,U134,2025-03-28 20:42,1
U080,U084,2025-03-19 11:39,4
U129,U042,2025-03-26 00:46,5
U101,U102,2025-01-09 10:20,4
U056,U073,2025-01-25 03:56,4
U064,U053,2025-02-05 18:50,5
U198,U096,2025-01-01 21:38,4
U143,U146,2025-03-05 20:50,1
U126,U145,2025-01-17 12:50,4
U028,U169,2025-01-09 04:14,3
U049,U027,2025-03-10 01:00,3
U177,U194,2025-01-13 17:27,2
U178,U189,2025-02-24 08:50,3
U016,U009,2025-03-24 19:17,1
U147,U080,2025-02-21 11:12,3
U096,U080,2025-03-14 22:03,5
U169,U168,2025-02-22 11:55,2
U106,U089,2025-01-13 07:16,5
U200,U179,2025-02-07 23:07,1
U185,U132,2025-03-26 14:12,2
U052,U080,2025-03-16 03:31,5
U027,U034,2025-01-31 13:53,1
U158,U172,2025-01-18 00:09,1
U107,U124,2025-02-03 02:18,4
U086,U080,2025-02-08 14:58,5
U118,U114,2025-01-04 21:01,4
U098,U084,2025-03-23 10:24,3
U129,U050,2025-02-20 03:17,3
U082,U059,2025-02-05 03:51,3
U068,U052,2025-01-31 10:44,3
U184,U198,2025-01-05 21:29,4
U137,U128,2025-02-03 11:39,4
U074,U051,2025-02-24 09:45,1
U150,U136,2025-01-11 02:03,1
U124,U101,2025-03-02 23:04,5
U079,U078,2025-01-10 10:42,4
U154,U170,2025-04-01 02:33,1
U123,U115,2025-03-04 09:48,4
U056,U071,2025-01-03 11:58,4
U133,U136,2025-03-16 18:00,3
U047,U031,2025-01-01 09:25,1
U065,U061,2025-03-13 18:42,5
U001,U006,2025-03-20 14:32,4
U003,U011,2025-01-11 10:28,3
U062,U071,2025-03-04 19:25,5
U127,U140,2025-01-27 01:10,1
U127,U026,2025-03-11 23:08,4
U065,U070,2025-02-20 11:07,1
U182,U191,2025-02-24 00:37,3
U097,U100,2025-03-17 19:29,1
U160,U172,2025-02-26 22:52,2
U198,U185,2025-01-02 10:39,2
U026,U034,2025-02-02 00:40,2
U055,U110,2025-01-05 11:37,5
U103,U118,2025-01-28 15:07,5
U057,U168,2025-01-31 23:46,5
U068,U062,2025-02-01 20:05,2
U176,U146,2025-02-01 07:45,2
U153,U152,2025-01-06 17:35,4
U146,U148,2025-01-02 12:30,1
U168,U152,2025-01-08 00:58,5
U191,U184,2025-01-05 08:18,2
U129,U069,2025-03-05 12:54,2
U097,U082,2025-02-22 05:47,3
U133,U126,2025-01-01 14:04,4
U175,U156,2025-01-31 18:00,3
U071,U062,2025-03-17 17:45,1
U088,U086,2025-01-24 13:16,2
U048,U074,2025-01-10 23:03,4
U069,U052,2025-02-27 11:18,2
U058,U060,2025-01-31 11:08,1
U019,U002,2025-02-28 20:59,4
U012,U092,2025-01-23 13:38,1
U167,U159,2025-01-23 10:47,1
U028,U038,2025-02-06 01:36,4
U070,U051,2025-01-26 23:08,3
U117,U086,2025-03-10 23:39,5
U186,U194,2025-03-20 16:14,2
U160,U156,2025-02-06 07:25,1
U089,U097,2025-03-15 12:35,2
U065,U062,2025-02-02 12:43,5
U115,U101,2025-03-05 14:02,5
U179,U178,2025-03-15 06:08,3
U058,U183,2025-03-10 18:37,5
U089,U098,2025-03-29 11:32,2
U053,U062,2025-03-24 21:09,5
U199,U176,2025-03-04 19:27,3
U154,U175,2025-01-11 12:48,5
U136,U143,2025-02-20 10:48,1
U144,U149,2025-02-12 13:04,4
U038,U043,2025-02-17 08:53,1
U133,U141,2025-02-19 00:40,5
U018,U141,2025-03-31 10:51,4
U067,U069,2025-02-13 23:41,2
U071,U085,2025-03-29 20:18,3
U169,U025,2025-02-17 02:39,2
U181,U176,2025-01-06 05:54,2
U118,U105,2025-02-27 05:55,2
U052,U059,2025-01-09 09:43,3
U121,U107,2025-03-08 21:12,2
U135,U192,2025-01-11 07:39,1
U144,U145,2025-03-07 00:11,2
U074,U071,2025-03-09 05:09,1
U077,U084,2025-03-27 15:08,2
U055,U073,2025-02-10 06:48,4
U073,U054,2025-01-23 12:22,3
U025,U005,2025-02-16 03:33,1
U014,U009,2025-02-06 08:47,2
U012,U023,2025-03-14 12:26,5
U190,U187,2025-02-06 13:11,5
U080,U100,2025-01-07 19:11,1
U039,U047,2025-03-22 17:56,1
U170,U152,2025-03-20 16:00,2
U079,U076,2025-01-25 07:59,2
U190,U139,2025-03-17 01:53,3
U163,U156,2025-01-15 01:30,5
U079,U089,2025-02-14 15:32,1
U138,U143,2025-03-22 20:52,3
U107,U101,2025-02-12 05:59,1
U155,U153,2025-02-22 05:54,5
U093,U016,2025-01-28 22:20,5
U110,U121,2025-01-04 15:01,4
U101,U051,2025-03-04 16:05,3
U098,U083,2025-02-21 23:50,4
U121,U120,2025-02-04 15:24,2
U056,U063,2025-01-13 14:14,4
U031,U023,2025-01-28 05:34,2
U172,U155,2025-03-26 00:58,3
U143,U179,2025-01-30 12:16,3
U047,U042,2025-03-19 17:10,5
U018,U024,2025-02-15 04:57,5
U159,U026,2025-03-09 16:20,5
U038,U164,2025-01-23 04:30,3
U183,U022,2025-03-02 05:27,5
U159,U158,2025-01-19 15:07,5
U080,U099,2025-03-30 05:35,3
U048,U094,2025-03-03 00:27,1
U083,U084,2025-03-28 17:38,2
U009,U177,2025-01-23 06:13,1
U147,U142,2025-02-15 19:11,4
U112,U115,2025-03-13 04:21,4
U145,U173,2025-01-25 18:41,4
U188,U194,2025-03-07 03:37,3
U132,U137,2025-03-30 08:33,2
U184,U188,2025-02-05 12:40,5
U153,U164,2025-01-20 07:44,3
U061,U060,2025-02-04 00:08,1
U019,U011,2025-03-26 13:20,5
U079,U131,2025-01-09 07:13,3
U170,U155,2025-01-30 17:48,3
U160,U165,2025-01-17 20:58,1
U062,U004,2025-02-11 14:01,3
U150,U148,2025-02-23 21:36,1
U154,U160,2025-01-06 02:59,3
U083,U081,2025-03-27 23:33,4
U078,U199,2025-01-30 03:55,3
U015,U019,2025-02-07 21:26,2
U183,U179,2025-03-29 19:26,1
U041,U042,2025-03-17 03:34,3
U037,U031,2025-01-08 13:27,3
U178,U193,2025-01-26 21:31,3
U147,U134,2025-03-09 14:38,2
U184,U197,2025-03-01 13:00,4
U182,U196,2025-03-30 03:47,2
U174,U007,2025-03-05 06:36,5
U149,U130,2025-01-21 14:11,4
U069,U064,2025-02-06 18:28,3
U090,U076,2025-01-11 11:31,3
U166,U012,2025-03-26 12:41,3
U113,U138,2025-01-07 01:22,1
U095,U084,2025-03-01 09:55,5
U002,U001,2025-03-26 03:27,2
U074,U055,2025-01-07 07:33,3
U197,U182,2025-01-12 05:57,4
U108,U119,2025-03-05 08:21,1
U100,U088,2025-02-18 11:48,1
U052,U057,2025-01-12 09:41,2
U137,U148,2025-01-15 08:47,5
U074,U051,2025-02-25 00:45,2
U183,U187,2025-01-12 23:13,3
U091,U169,2025-03-04 11:47,2
U038,U044,2025-01-15 01:22,4
U092,U095,2025-02-25 16:01,2
U141,U148,2025-03-05 10:57,2
U080,U083,2025-02-08 20:33,4
U127,U141,2025-02-06 11:28,1
U142,U118,2025-01-05 11:31,5
U179,U200,2025-02-16 08:38,2
U052,U098,2025-01-04 20:16,1
U030,U038,2025-01-10 09:57,3
U093,U097,2025-02-21 07:49,2
U197,U196,2025-02-09 21:42,3
U125,U113,2025-02-13 21:14,2
U105,U107,2025-03-31 12:08,2
U040,U037,2025-03-29 00:17,2
U131,U005,2025-02-28 02:36,1
U109,U105,2025-02-01 20:04,5
U190,U145,2025-01-15 09:02,2
U138,U127,2025-02-04 15:37,2
U159,U087,2025-01-20 13:04,3
U158,U171,2025-03-14 06:33,4
U063,U018,2025-03-20 03:57,1
U113,U122,2025-03-14 12:17,4
U076,U091,2025-03-03 05:27,3
U125,U104,2025-03-01 18:56,5
U022,U003,2025-01-21 08:03,4
U017,U010,2025-03-02 18:27,4
U197,U187,2025-02-05 11:29,1
U116,U102,2025-02-03 05:46,3
U031,U046,2025-03-02 09:06,1
U174,U159,2025-01-07 21:19,1
U136,U139,2025-01-26 01:21,1
U044,U049,2025-02-04 13:19,5
U152,U083,2025-02-11 08:55,5
U052,U066,2025-03-15 11:06,1
U005,U065,2025-01-16 16:35,4
U171,U004,2025-01-07 19:21,5
U128,U025,2025-01-13 16:59,1
U032,U044,2025-01-23 12:15,4
U159,U104,2025-02-12 10:54,5
U188,U177,2025-02-21 21:18,5
U031,U039,2025-02-14 23:37,4
U055,U065,2025-03-01 16:23,4
U015,U011,2025-03-05 15:14,5
U137,U160,2025-02-13 13:59,5
U096,U082,2025-03-27 23:00,5
U179,U178,2025-01-29 10:30,2
U046,U050,2025-02-05 02:59,3
U017,U022,2025-03-08 07:57,5
U058,U054,2025-01-14 12:10,1
U037,U026,2025-03-12 20:07,3
U159,U160,2025-02-21 13:58,4
U116,U101,2025-03-07 01:07,1
U168,U165,2025-02-06 08:17,3
U166,U163,2025-01-28 10:25,5
U185,U178,2025-02-08 13:02,2
U139,U148,2025-01-04 09:46,3
U009,U006,2025-02-07 08:27,2
U091,U082,2025-01-04 18:12,5
U119,U114,2025-02-26 10:40,2
U113,U021,2025-01-11 08:06,5
U069,U073,2025-02-04 22:27,2
U023,U012,2025-02-24 08:39,4
U062,U054,2025-01-16 00:49,5
U172,U157,2025-02-09 03:50,3
U036,U045,2025-01-27 17:28,5
U145,U138,2025-02-02 01:42,3
U158,U160,2025-03-30 20:11,3
U124,U108,2025-01-29 07:30,3
U120,U104,2025-02-06 08:01,5
U151,U063,2025-03-10 20:54,5
U109,U119,2025-02-11 08:59,3
U114,U109,2025-01-02 21:31,5
U055,U058,2025-01-05 16:17,5
U155,U170,2025-03-08 03:18,4
U094,U097,2025-03-16 18:00,5
U104,U108,2025-01-15 16:29,1
U195,U147,2025-02-10 21:18,2
U054,U066,2025-03-11 15:55,1
U117,U112,2025-01-18 20:59,3
U162,U161,2025-02-13 08:26,5
U052,U058,2025-01-02 06:11,1
U160,U163,2025-03-26 21:12,1
U094,U077,2025-03-17 05:47,1
U129,U130,2025-03-13 05:16,1
U186,U188,2025-03-21 00:08,3
U157,U161,2025-02-23 08:09,3
U176,U193,2025-03-27 21:17,4
U021,U147,2025-02-25 19:26,2
U067,U181,2025-02-03 03:30,5
U123,U111,2025-02-06 10:16,4
U033,U043,2025-02-20 11:05,3
U085,U081,2025-01-18 16:08,4
U052,U058,2025-01-19 01:46,3
U059,U064,2025-01-20 06:11,1
U097,U090,2025-03-07 08:12,5
U168,U151,2025-01-04 07:22,5
U148,U130,2025-02-22 03:10,3
U005,U021,2025-01-09 11:53,4
U103,U115,2025-01-25 07:36,2
U078,U054,2025-03-18 22:13,3
U093,U087,2025-03-28 13:17,1
U114,U113,2025-02-01 03:06,2
U149,U150,2025-03-26 06:45,2
U067,U055,2025-02-27 02:17,2
U005,U011,2025-02-06 20:35,5
U056,U053,2025-03-22 05:36,1
U082,U084,2025-02-07 11:55,4
U047,U039,2025-03-13 15:10,4
U015,U014,2025-01-14 06:11,4
U150,U136,2025-01-24 00:13,1
U132,U127,2025-01-08 10:55,2
U189,U149,2025-02-20 22:52,3
U044,U061,2025-01-03 23:26,2
U052,U055,2025-02-19 12:02,3
U003,U015,2025-03-07 15:50,2
U170,U034,2025-01-27 23:21,1
U015,U113,2025-03-16 10:55,4
U067,U170,2025-03-22 17:09,5
U041,U046,2025-02-28 05:29,4
U114,U104,2025-02-26 23:25,5
U047,U068,2025-01-05 21:19,4
U093,U090,2025-01-15 08:36,4
U142,U128,2025-01-17 16:57,2
U019,U023,2025-02-01 13:49,4
U123,U109,2025-03-25 14:32,5
U058,U066,2025-01-24 00:10,2
U031,U029,2025-01-13 03:58,1
U004,U017,2025-02-12 00:16,5
U148,U143,2025-02-08 04:36,5
U040,U027,2025-03-20 21:09,4
U021,U008,2025-02-24 18:55,2
U123,U112,2025-01-17 13:17,5
U041,U029,2025-01-17 01:11,2
U188,U199,2025-01-24 12:01,2
U181,U176,2025-02-03 03:59,3
U038,U031,2025-02-04 15:18,3
U119,U121,2025-02-05 03:35,2
U190,U189,2025-01-01 11:17,5
U052,U075,2025-01-28 03:11,3
U010,U017,2025-03-18 20:21,5
U126,U134,2025-02-12 14:59,1
U003,U096,2025-02-26 04:58,4
U128,U145,2025-03-12 01:32,3
U191,U184,2025-02-27 02:57,2
U081,U095,2025-03-09 18:54,3
U106,U115,2025-03-26 04:34,4
U056,U062,2025-02-21 23:09,2
U038,U037,2025-02-19 17:37,1
U051,U071,2025-02-03 21:50,5
U055,U069,2025-01-27 08:25,1
U157,U152,2025-01-15 03:15,5
U158,U164,2025-01-23 13:49,4
U071,U064,2025-01-17 00:31,5
U052,U064,2025-02-04 15:31,1
U120,U117,2025-01-03 19:07,5
U082,U099,2025-01-11 01:40,2
U002,U009,2025-02-22 13:41,5
U058,U181,2025-03-20 04:57,2
U031,U030,2025-01-09 22:08,2
U149,U135,2025-02-16 21:05,1
U064,U068,2025-02-08 07:17,5
U160,U151,2025-01-10 19:09,5
U134,U143,2025-02-19 05:36,1
U125,U105,2025-03-18 12:49,1
U156,U169,2025-03-26 19:23,5
U128,U114,2025-02-28 10:20,5
U142,U136,2025-03-12 23:03,4
U113,U124,2025-01-29 14:56,1
U057,U060,2025-03-02 06:31,2
U073,U064,2025-03-15 22:33,2
U081,U076,2025-01-29 03:40,1
U070,U059,2025-02-18 17:56,2
U035,U049,2025-02-14 12:48,5
U146,U198,2025-03-20 18:47,1
U180,U200,2025-02-07 07:28,5
U119,U123,2025-02-18 06:54,1
U079,U099,2025-02-20 08:30,1
U164,U151,2025-03-09 11:05,2
U001,U012,2025-03-27 13:15,2
U132,U143,2025-02-06 09:08,2
U001,U083,2025-02-27 20:12,1
U059,U058,2025-03-23 00:08,5
U141,U182,2025-01-01 12:10,3
U064,U070,2025-01-16 21:22,5
U002,U015,2025-02-06 13:40,5
U065,U075,2025-02-10 00:46,2
U046,U143,2025-03-23 07:13,2
U129,U157,2025-03-23 14:41,4
U082,U091,2025-02-07 10:13,1
U046,U043,2025-03-25 10:35,4
U179,U183,2025-02-09 20:12,5
U026,U028,2025-01-18 14:46,2
U057,U058,2025-03-07 14:05,5
U087,U081,2025-02-12 07:15,5
U042,U041,2025-01-30 22:46,1
U191,U188,2025-01-09 23:28,1
U144,U131,2025-01-01 21:42,5
U108,U125,2025-01-08 03:58,5
U189,U179,2025-02-12 06:17,5
U144,U139,2025-02-23 02:03,5
U112,U122,2025-02-15 14:45,2
U023,U024,2025-01-15 01:09,4
U168,U163,2025-03-11 20:22,2
U144,U129,2025-01-13 22:15,3
U120,U117,2025-02-24 07:48,5
U042,U088,2025-01-31 00:29,2
U171,U151,2025-03-11 20:58,4
U069,U070,2025-01-03 09:05,4
U180,U200,2025-02-26 12:36,4
U103,U125,2025-02-10 04:32,5
U176,U193,2025-01-01 16:24,5
U185,U197,2025-03-04 04:51,4
U147,U145,2025-03-19 18:10,5
U103,U117,2025-01-18 22:47,5
U078,U029,2025-02-07 17:44,4
U192,U196,2025-02-01 14:05,2
U038,U035,2025-03-13 00:05,5
U110,U111,2025-01-02 05:34,5
U151,U161,2025-03-30 03:45,2
U006,U013,2025-01-14 00:49,4
U160,U168,2025-02-25 02:42,1
U059,U068,2025-03-18 04:56,3
U050,U033,2025-01-01 09:11,5
U147,U143,2025-01-18 14:57,1
U122,U118,2025-02-20 11:49,2
U184,U199,2025-01-10 23:31,5
U076,U080,2025-03-26 13:41,4
U002,U001,2025-01-20 16:59,1
U175,U172,2025-02-07 01:00,1
U146,U132,2025-01-02 21:45,3
U043,U034,2025-03-12 04:05,5
U193,U197,2025-03-19 05:12,3
U017,U025,2025-02-14 00:15,1
U181,U189,2025-03-22 06:25,1
U089,U087,2025-03-23 05:04,1
U110,U109,2025-01-13 07:19,5
U013,U016,2025-01-26 07:07,3
U144,U103,2025-03-16 20:02,3
U013,U005,2025-03-14 00:05,2
U145,U139,2025-03-21 17:26,4
U175,U156,2025-01-18 02:28,2
U011,U008,2025-01-20 22:40,3
U009,U016,2025-01-29 07:18,4
U078,U139,2025-01-27 14:23,3
U095,U089,2025-01-31 00:43,2
U093,U083,2025-01-29 18:45,1
U030,U035,2025-01-31 15:29,3
U073,U070,2025-01-06 11:06,1
U155,U172,2025-01-18 03:46,1
U018,U184,2025-03-13 06:02,4
U071,U065,2025-02-15 08:35,2
U118,U121,2025-02-19 23:49,2
U148,U147,2025-01-30 13:44,5
U069,U072,2025-01-29 02:52,2
U130,U148,2025-03-20 12:59,3
U042,U036,2025-02-14 20:47,3
U178,U177,2025-01-31 21:58,1
U012,U010,2025-02-24 21:09,1
U185,U184,2025-02-13 06:15,2
U087,U100,2025-01-14 04:20,3
U104,U115,2025-01-12 04:08,3
U182,U184,2025-01-27 16:10,5
U133,U141,2025-02-16 19:18,5
U079,U092,2025-01-21 03:43,4
U048,U032,2025-01-23 03:30,5
U047,U110,2025-03-27 13:27,1
U068,U053,2025-02-02 10:19,2
U182,U176,2025-01-27 07:07,5
U147,U128,2025-01-29 20:45,2
U114,U111,2025-03-18 00:56,2
U187,U058,2025-02-14 06:19,5
U037,U039,2025-03-04 17:37,4
U113,U116,2025-01-09 07:24,4
U156,U169,2025-03-15 23:26,4
U035,U033,2025-01-20 10:32,4
U113,U121,2025-03-14 14:13,4
U127,U145,2025-02-23 19:30,5
U023,U002,2025-01-11 13:01,1
U141,U133,2025-02-22 21:26,1
U097,U098,2025-02-01 07:34,2
U043,U045,2025-02-07 14:46,5
U106,U121,2025-01-28 04:01,4
U120,U125,2025-03-27 19:37,5
U140,U131,2025-02-21 09:36,3
U126,U085,2025-02-28 03:25,5
U067,U074,2025-01-11 10:50,5
U053,U065,2025-03-10 03:53,5
U030,U035,2025-02-18 11:13,5
U178,U190,2025-01-02 15:25,3
U109,U111,2025-03-16 03:24,1
U089,U091,2025-03-11 13:26,2
U167,U154,2025-01-08 21:18,2
U007,U017,2025-02-16 02:20,3
U050,U028,2025-02-22 22:55,2
U193,U178,2025-01-26 08:58,3
U024,U020,2025-03-02 02:33,5
U054,U065,2025-02-12 22:23,5
U130,U143,2025-03-20 17:51,4
U150,U054,2025-01-21 10:48,3
U149,U142,2025-02-19 08:17,1
U199,U176,2025-03-12 07:28,3
U151,U174,2025-03-10 02:11,1
U094,U078,2025-01-02 06:47,2
U137,U033,2025-03-19 23:02,5
U079,U035,2025-03-01 03:54,3
U099,U089,2025-01-05 04:19,5
U143,U129,2025-03-20 05:03,5
U010,U011,2025-01-06 21:14,2
U182,U188,2025-01-07 16:12,3
U136,U128,2025-01-20 01:13,4
U065,U053,2025-01-21 02:06,3
U169,U158,2025-01-20 08:32,3
U023,U001,2025-02-27 08:53,3
U153,U162,2025-02-27 22:31,3
U078,U096,2025-01-31 18:18,4
U062,U150,2025-02-14 16:37,5
U129,U138,2025-01-27 17:54,2
U022,U005,2025-03-18 15:20,5
U121,U125,2025-01-17 20:57,4
U068,U070,2025-02-08 17:29,4
U133,U135,2025-01-17 10:51,5
U109,U103,2025-03-16 16:45,4
U045,U048,2025-02-12 08:52,3
U086,U093,2025-03-21 17:20,3
U102,U112,2025-03-30 00:26,1
U005,U016,2025-03-31 13:07,2
U066,U064,2025-01-20 07:32,4
U034,U046,2025-01-24 22:09,3
U094,U086,2025-03-14 15:03,2
U148,U106,2025-02-22 16:23,1
U159,U173,2025-03-11 03:52,5
U019,U006,2025-01-17 02:12,5
U120,U117,2025-02-11 16:31,3
U194,U090,2025-01-11 12:25,2
U197,U085,2025-02-19 06:29,4
U179,U190,2025-01-25 12:49,2
U168,U154,2025-03-14 03:14,1
U125,U124,2025-03-12 00:37,1
U094,U092,2025-03-11 12:15,5
U130,U127,2025-01-20 01:01,5
U142,U133,2025-03-08 23:43,2
U125,U116,2025-02-11 05:57,1
U025,U060,2025-03-07 15:18,1
U037,U032,2025-02-16 23:54,4
U048,U140,2025-01-12 23:00,4
U106,U102,2025-03-26 10:08,3
U058,U053,2025-02-25 23:12,1
U140,U130,2025-01-01 23:59,3
U026,U027,2025-03-06 17:04,4
U104,U119,2025-01-20 21:52,2
U093,U096,2025-01-08 04:27,1
U104,U121,2025-03-26 09:37,2
U118,U115,2025-01-03 21:31,5
U180,U199,2025-02-05 19:28,3
U148,U105,2025-01-19 23:08,2
U041,U035,2025-03-14 13:19,2
U009,U023,2025-03-01 02:31,2
U029,U043,2025-03-17 17:44,5
U085,U088,2025-02-18 04:42,4
U157,U152,2025-02-13 13:24,1
U165,U173,2025-03-01 18:03,2
U075,U052,2025-01-04 05:27,5
U088,U089,2025-03-08 00:00,2
U132,U139,2025-03-29 13:44,5
U011,U015,2025-02-13 15:23,5
U004,U016,2025-01-23 11:42,2
U001,U015,2025-01-21 00:16,5
U100,U077,2025-03-01 21:26,4
U029,U032,2025-02-19 12:49,4
U178,U196,2025-02-05 19:38,4
U026,U034,2025-01-30 02:46,3
U041,U029,2025-02-22 04:02,2
U041,U026,2025-02-11 17:29,3
U152,U155,2025-03-17 10:21,2
U105,U106,2025-02-03 03:37,2
U151,U155,2025-02-01 11:48,2
U125,U103,2025-01-14 06:01,1
U124,U115,2025-03-14 22:53,4
U097,U158,2025-01-03 09:22,2
U171,U162,2025-01-30 01:53,1
U066,U064,2025-01-08 12:21,4
U124,U118,2025-01-03 12:39,2
U148,U137,2025-02-23 12:31,5
U152,U155,2025-01-10 23:03,1
U036,U043,2025-02-23 06:10,1
U168,U163,2025-03-11 06:40,3
U159,U166,2025-02-20 22:36,4
U155,U157,2025-02-12 12:46,4
U003,U129,2025-02-18 04:00,3
U101,U117,2025-03-10 12:39,2
U044,U029,2025-02-22 09:18,1
U053,U064,2025-01-28 17:03,1
U088,U095,2025-03-29 21:24,2
U084,U059,2025-01-26 16:36,5
U159,U165,2025-03-28 07:23,1
U033,U044,2025-03-30 05:05,5
U114,U106,2025-01-14 19:23,1
U057,U074,2025-03-08 11:50,4
U051,U062,2025-03-24 11:53,3
U100,U082,2025-01-01 12:19,1
U158,U160,2025-03-10 00:48,4
U045,U026,2025-01-01 15:20,5
U029,U034,2025-01-12 04:12,4
U019,U003,2025-02-05 07:54,5
U058,U055,2025-03-04 17:31,4
U199,U194,2025-03-03 14:44,5
U148,U187,2025-02-12 04:30,5
U018,U024,2025-01-31 23:50,3
U043,U039,2025-02-14 00:38,3
U002,U001,2025-03-26 04:44,5
U151,U132,2025-01-26 13:50,2
U029,U049,2025-03-18 08:09,2
U022,U025,2025-02-17 23:21,1
U148,U134,2025-01-31 08:17,5
U105,U101,2025-01-18 13:07,3
U171,U004,2025-01-07 13:27,3
U084,U089,2025-02-07 18:05,1
U169,U170,2025-02-24 16:40,3
U113,U114,2025-02-10 12:43,2
U027,U043,2025-01-13 21:21,3
U185,U005,2025-03-16 01:43,2
U048,U042,2025-01-15 04:30,2
U195,U200,2025-01-27 15:17,1
U155,U152,2025-02-18 15:43,3
U041,U034,2025-03-05 00:45,3
U120,U059,2025-03-14 05:03,3
U089,U085,2025-01-15 21:01,2
U176,U185,2025-01-09 06:28,2
U068,U073,2025-01-31 13:17,1
U153,U171,2025-01-17 09:59,3
U010,U022,2025-03-21 04:24,4
U002,U015,2025-02-25 02:14,2
U114,U101,2025-01-06 05:29,1
U092,U080,2025-02-12 01:07,1
U057,U055,2025-02-22 00:22,4
U030,U026,2025-03-01 22:34,3
U184,U096,2025-01-02 09:11,4
U175,U161,2025-01-21 18:11,3
U010,U021,2025-01-17 12:12,2
U108,U057,2025-03-19 21:30,3
U004,U020,2025-01-09 08:29,3
U141,U149,2025-03-10 00:14,2
U080,U126,2025-03-19 06:40,2
U143,U139,2025-01-08 21:28,4
U137,U044,2025-01-16 04:28,3
U065,U072,2025-03-29 01:14,2
U017,U013,2025-03-19 10:57,4
U162,U173,2025-03-13 14:51,4
U034,U071,2025-03-31 20:37,1
U160,U114,2025-03-22 18:51,4
U114,U131,2025-03-20 06:31,3
U116,U115,2025-03-17 20:52,1
U021,U007,2025-02-03 05:56,1
U042,U035,2025-02-15 21:34,5
U105,U108,2025-01-29 20:12,3
U079,U014,2025-01-29 07:10,4
U193,U097,2025-02-20 04:26,2
U039,U023,2025-01-31 22:36,4
U155,U189,2025-03-10 17:02,3
U119,U106,2025-01-02 21:33,4
U110,U121,2025-03-16 19:44,1
U047,U048,2025-02-26 01:56,4
U042,U030,2025-02-12 12:44,2
U158,U160,2025-01-21 20:16,3
U117,U106,2025-03-08 05:38,1
U119,U114,2025-02-19 04:44,1
U104,U067,2025-03-21 04:10,1
U029,U027,2025-01-17 21:01,1
U135,U132,2025-03-02 02:10,3
U058,U051,2025-01-12 02:47,4
U151,U158,2025-02-15 12:59,2
U152,U157,2025-01-16 04:25,1
U052,U027,2025-02-24 11:05,4
U003,U009,2025-01-04 06:51,1
U179,U183,2025-01-11 01:36,4
U200,U196,2025-02-20 19:55,4
U046,U050,2025-02-05 15:29,2
U147,U148,2025-02-26 11:30,1
U104,U119,2025-03-01 07:36,3
U163,U120,2025-03-17 02:32,5
U126,U146,2025-01-12 07:11,1
U186,U183,2025-02-01 01:42,5
U026,U041,2025-03-26 07:30,2
U192,U199,2025-01-01 15:33,4
U195,U200,2025-01-06 10:51,2
U154,U164,2025-01-03 20:03,5
U050,U045,2025-02-13 02:41,2
U097,U095,2025-03-22 08:27,5
U159,U166,2025-02-14 23:19,1
U186,U183,2025-01-05 00:04,4
U144,U028,2025-03-24 05:21,1
U118,U101,2025-03-03 15:47,5
U140,U142,2025-01-04 04:45,1
U122,U110,2025-01-19 00:08,2
U156,U154,2025-02-05 21:30,5
U170,U172,2025-03-11 19:42,4
U184,U188,2025-03-02 23:43,4
U197,U187,2025-01-07 08:49,4
U033,U044,2025-03-19 16:12,3
U053,U061,2025-01-06 07:58,1
U077,U038,2025-02-05 16:27,1
U007,U012,2025-01-05 13:24,5
U060,U057,2025-03-06 07:19,1
U094,U080,2025-01-27 14:21,5
U129,U017,2025-01-21 09:27,1
U049,U039,2025-02-25 00:13,1
U081,U059,2025-01-05 14:20,2
U038,U041,2025-03-07 20:11,3
U173,U160,2025-02-07 03:09,2
U133,U135,2025-02-20 09:23,1
U126,U129,2025-03-22 11:24,3
U108,U067,2025-03-12 07:16,2
U154,U161,2025-02-13 08:06,2
U149,U150,2025-03-25 13:31,1
U040,U041,2025-01-31 07:50,1
U150,U144,2025-02-15 15:21,5
U134,U130,2025-02-04 14:12,1
U181,U183,2025-03-09 04:12,4
U110,U114,2025-03-11 08:42,3
U175,U165,2025-02-12 23:35,2
U040,U029,2025-01-03 19:40,4
U179,U187,2025-02-05 07:27,3
U193,U196,2025-03-10 20:09,2
U007,U004,2025-02-14 15:09,3
U092,U076,2025-03-12 23:53,2
U076,U019,2025-03-18 20:10,3
U148,U140,2025-03-03 11:23,2
U069,U056,2025-01-31 13:59,3
U172,U167,2025-02-06 23:59,2
U048,U143,2025-02-17 07:38,3
U115,U107,2025-02-09 08:18,3
U196,U188,2025-03-04 12:27,2
U048,U032,2025-03-28 04:11,3
U166,U164,2025-03-05 06:53,2
U057,U067,2025-02-09 14:03,5
U156,U014,2025-02-07 07:52,1
U169,U172,2025-01-22 14:38,2
U150,U137,2025-03-13 02:18,2
U126,U147,2025-02-18 02:30,5
U182,U194,2025-02-08 09:23,1
U084,U153,2025-03-20 01:03,4
U125,U101,2025-01-29 22:32,2
U139,U140,2025-01-06 14:12,4
U191,U198,2025-02-01 04:33,3
U153,U169,2025-03-06 10:55,1
U105,U106,2025-02-13 17:42,2
U192,U034,2025-02-11 18:55,2
U056,U071,2025-01-14 17:37,4
U040,U037,2025-03-01 14:40,4
U041,U029,2025-02-08 19:54,2
U106,U120,2025-03-22 17:01,5
U109,U118,2025-02-07 02:52,5
U012,U006,2025-03-27 21:27,1
U149,U003,2025-01-20 04:55,5
U046,U048,2025-01-04 00:38,2
U004,U009,2025-01-18 02:47,4
U027,U039,2025-02-20 01:33,1
U116,U119,2025-03-22 18:07,1
U021,U103,2025-03-26 10:10,2
U011,U022,2025-01-02 07:32,1
U082,U081,2025-02-07 22:47,4
U113,U119,2025-01-21 17:03,1
U113,U041,2025-02-21 14:19,3
U158,U168,2025-01-01 19:38,5
U024,U013,2025-03-11 04:00,3
U062,U070,2025-03-08 15:29,5
U141,U084,2025-01-11 05:30,5
U080,U090,2025-03-06 02:44,2
U127,U047,2025-02-19 13:39,1
U038,U033,2025-02-02 00:21,1
U152,U155,2025-03-17 22:08,4
U188,U196,2025-01-31 11:21,2
U068,U071,2025-01-28 23:29,3
U151,U126,2025-01-25 10:24,5
U126,U140,2025-03-08 02:57,1
U160,U151,2025-02-08 10:39,4
U193,U106,2025-03-19 09:10,1
U022,U023,2025-03-26 06:56,1
U070,U052,2025-01-16 10:25,2
U150,U135,2025-03-22 15:00,2
U109,U118,2025-02-22 10:28,1
U056,U062,2025-03-29 10:51,2
U051,U056,2025-01-23 14:30,3
U062,U071,2025-03-15 15:20,3
U004,U020,2025-03-22 20:44,2
U073,U085,2025-03-14 19:21,1
U169,U167,2025-03-16 08:22,5
U073,U178,2025-03-13 15:17,2
U082,U081,2025-01-28 03:26,2
U069,U064,2025-01-13 08:55,1
U007,U089,2025-02-21 16:47,5
U060,U032,2025-01-12 19:57,3
U031,U044,2025-01-06 13:40,4
U161,U170,2025-02-25 01:13,5
U004,U005,2025-01-23 10:14,4
U041,U040,2025-01-29 10:59,5
U053,U051,2025-02-05 06:42,2
U121,U103,2025-02-21 21:13,2
U088,U160,2025-04-01 01:54,1
U063,U065,2025-01-08 06:03,2
U133,U149,2025-02-06 19:31,2
U071,U122,2025-01-30 07:46,2
U159,U163,2025-01-10 16:45,2
U154,U165,2025-03-15 22:31,2
U072,U074,2025-03-22 08:59,5
U081,U036,2025-01-25 22:52,1
U028,U037,2025-03-05 05:41,2
U091,U003,2025-01-30 06:14,1
U054,U069,2025-02-28 13:46,1
U017,U015,2025-02-14 11:44,5
U059,U065,2025-02-25 10:39,2
U105,U103,2025-02-16 00:01,5
U121,U122,2025-01-30 13:58,5
U074,U051,2025-01-28 20:50,5
U014,U016,2025-02-28 01:05,4
U051,U054,2025-03-22 11:45,2
U162,U154,2025-02-02 21:59,5
U043,U088,2025-02-12 20:46,5
U159,U152,2025-03-22 17:51,5
U149,U142,2025-02-18 14:41,2
U139,U044,2025-03-30 20:48,3
U180,U188,2025-03-14 02:35,2
U113,U116,2025-01-12 17:47,5
U135,U132,2025-03-20 19:38,3
U044,U038,2025-01-16 16:41,5
U062,U051,2025-03-11 01:16,1
U149,U147,2025-03-27 07:58,4
U115,U106,2025-02-20 14:53,4
U106,U121,2025-01-02 11:46,1
U044,U042,2025-01-23 16:42,3
U070,U051,2025-03-14 01:32,1
U163,U156,2025-03-18 00:23,4
U163,U151,2025-01-25 04:57,3
U014,U149,2025-02-03 05:17,4
U041,U035,2025-03-01 05:25,1
U095,U078,2025-01-05 21:00,1
U087,U100,2025-01-19 14:38,5
U056,U060,2025-03-18 11:02,4
U088,U076,2025-03-05 13:52,1
U017,U005,2025-02-12 07:57,4
U138,U134,2025-02-06 18:19,1
U192,U108,2025-03-17 23:14,1
U155,U163,2025-01-26 22:41,2
U126,U144,2025-01-30 23:12,2
U084,U089,2025-01-09 12:53,4
U169,U038,2025-03-20 08:59,2
U082,U089,2025-01-11 18:29,1
U110,U123,2025-01-09 19:29,4
U098,U079,2025-02-05 17:58,3
U104,U124,2025-01-19 05:32,4
U197,U188,2025-02-17 23:17,3
U175,U152,2025-02-08 17:51,2
U106,U120,2025-03-31 01:13,1
U110,U018,2025-02-13 10:07,3
U026,U131,2025-02-20 10:32,4
U041,U045,2025-02-26 08:34,5
U123,U106,2025-01-05 01:57,2
U090,U085,2025-01-25 14:24,3
U181,U183,2025-01-25 18:54,3
U132,U142,2025-03-17 07:52,4
U194,U200,2025-01-02 07:32,2
U125,U118,2025-02-03 23:40,2
U064,U068,2025-02-22 00:25,1
U181,U182,2025-02-17 06:36,4
U103,U121,2025-01-02 10:24,1
U092,U086,2025-02-27 07:07,3
U106,U103,2025-02-05 21:44,3
U002,U019,2025-03-13 10:08,2
U034,U047,2025-02-09 05:32,1
U174,U154,2025-01-28 01:22,2
U109,U107,2025-02-11 22:24,1
U153,U168,2025-03-10 19:44,4
U090,U107,2025-01-24 16:07,4
U034,U174,2025-03-22 03:29,4
U168,U153,2025-02-03 19:20,3
U023,U133,2025-02-04 06:19,5
U002,U005,2025-02-11 13:10,4
U043,U148,2025-03-19 01:49,1
U111,U102,2025-03-05 19:43,4
U151,U160,2025-03-31 04:44,2
U152,U161,2025-03-24 04:49,1
U090,U084,2025-03-25 14:30,4
U082,U076,2025-02-06 09:51,4
U076,U088,2025-02-13 04:55,1
U056,U074,2025-01-18 00:39,4
U194,U196,2025-01-26 22:18,1
U192,U196,2025-02-16 11:42,4
U147,U145,2025-03-15 21:50,1
U094,U089,2025-01-19 22:24,3
U073,U067,2025-03-05 11:11,5
U129,U194,2025-02-14 04:01,4
U146,U136,2025-03-19 12:50,1
U164,U078,2025-02-22 07:22,2
U048,U040,2025-01-06 16:11,3
U175,U173,2025-03-11 22:49,1
U172,U174,2025-02-10 15:16,1
U081,U077,2025-03-11 17:47,1
U069,U072,2025-03-23 22:01,1
U075,U067,2025-03-18 17:29,5
U066,U054,2025-02-21 11:23,2
U150,U132,2025-03-12 15:48,2
U199,U176,2025-02-18 22:18,4
U079,U157,2025-01-25 05:15,2
U106,U101,2025-01-20 02:33,5
U078,U097,2025-03-12 12:27,2
U078,U176,2025-02-28 13:31,5
U035,U037,2025-03-12 21:12,5
U165,U151,2025-02-04 22:57,5
U143,U140,2025-01-18 14:44,1
U059,U058,2025-02-21 10:25,5
U122,U108,2025-03-16 05:14,1
U040,U049,2025-02-19 08:58,1
U013,U021,2025-02-04 15:21,3
U036,U046,2025-02-18 08:47,5
U195,U014,2025-01-10 16:54,4
U125,U119,2025-03-26 03:58,2
U168,U131,2025-01-09 19:29,3
U200,U177,2025-01-11 17:59,4
U064,U071,2025-01-28 11:44,1
U007,U001,2025-02-17 01:03,5
U040,U031,2025-02-06 22:25,2
U168,U156,2025-03-01 14:44,3
U135,U084,2025-03-10 19:20,1
U015,U005,2025-02-17 07:57,5
U144,U131,2025-02-28 17:33,4
U028,U039,2025-02-19 11:17,1
U049,U045,2025-03-22 20:20,4
U044,U121,2025-02-07 07:14,4
U017,U005,2025-03-18 20:28,1
U040,U027,2025-02-28 04:29,2
U108,U050,2025-03-03 13:08,3
U086,U095,2025-02-05 01:22,2
U142,U147,2025-03-17 02:12,4
U021,U046,2025-01-02 07:55,3
U169,U037,2025-01-28 11:33,2
U132,U139,2025-02-24 15:26,1
U058,U065,2025-02-03 11:40,2
U119,U115,2025-02-07 04:53,1
U171,U175,2025-02-11 04:32,1
U108,U113,2025-01-30 07:13,2
U177,U079,2025-01-05 03:48,3
U159,U167,2025-03-10 22:55,1
U187,U200,2025-03-28 01:01,3
U088,U098,2025-01-26 02:08,5
U037,U048,2025-02-22 05:05,4
U064,U133,2025-02-03 23:03,3
U103,U106,2025-01-15 04:38,2
U060,U110,2025-01-04 19:58,4
U195,U200,2025-02-27 05:10,5
U030,U037,2025-02-23 06:15,3
U197,U181,2025-01-13 14:40,1
U048,U155,2025-02-18 01:38,4
U169,U170,2025-01-13 01:23,1
U153,U165,2025-03-28 16:18,5
U057,U062,2025-02-04 15:28,5
U154,U169,2025-03-17 01:45,2
U082,U086,2025-03-10 17:40,5
U168,U167,2025-02-12 13:36,4
U062,U075,2025-02-09 19:42,1
U084,U092,2025-01-17 01:11,1
U120,U108,2025-01-10 00:56,3
U100,U095,2025-01-09 00:53,2
U104,U003,2025-01-04 00:04,1
U075,U077,2025-01-05 20:30,4
U038,U158,2025-03-08 06:25,1
U079,U190,2025-03-01 16:27,2
U073,U188,2025-03-27 12:15,5
U104,U101,2025-01-19 21:55,5
U127,U083,2025-01-15 04:43,5
U019,U020,2025-02-19 11:58,4
U160,U156,2025-03-09 21:32,2
U011,U020,2025-03-30 14:10,2
U058,U061,2025-03-18 00:46,2
U189,U195,2025-03-28 02:43,1
U118,U120,2025-02-06 19:17,2
U146,U199,2025-02-19 23:00,1
U138,U143,2025-01-13 07:43,1
U133,U146,2025-03-27 11:04,1
U164,U154,2025-03-27 13:42,5
U141,U130,2025-03-11 07:12,3
U002,U080,2025-01-23 21:33,3
U048,U031,2025-01-30 06:39,2
U169,U050,2025-02-14 05:17,5
U154,U151,2025-01-06 01:13,4
U096,U081,2025-01-08 00:04,4
U090,U016,2025-01-21 21:10,4
U052,U055,2025-03-05 14:16,3
U191,U150,2025-02-24 17:31,1
U182,U190,2025-01-05 00:04,2
U060,U059,2025-03-19 09:29,4
U025,U009,2025-02-15 05:48,4
U155,U175,2025-01-21 20:35,3
U002,U178,2025-03-18 12:19,4
U050,U045,2025-01-07 19:44,4
U128,U141,2025-03-05 14:25,2
U043,U138,2025-02-24 07:37,3
U138,U132,2025-03-30 18:29,3
U043,U037,2025-02-16 15:40,1
U049,U029,2025-01-30 13:08,4
U172,U162,2025-01-23 23:40,5
U152,U171,2025-02-15 02:33,4
U101,U119,2025-01-23 17:01,1
U135,U129,2025-02-19 10:43,3
U195,U064,2025-02-25 07:54,5
U043,U026,2025-03-04 07:36,2
U175,U156,2025-03-12 03:55,1
U143,U138,2025-03-04 15:17,3
U022,U015,2025-02-18 22:55,5
U161,U156,2025-02-25 16:22,3
U160,U173,2025-02-10 03:21,5
U099,U083,2025-02-01 12:18,4
U007,U020,2025-04-01 00:45,4
U017,U002,2025-03-11 16:48,4
U177,U195,2025-01-16 15:24,1
U184,U031,2025-02-24 21:35,5
U108,U103,2025-01-09 16:42,2
U063,U054,2025-01-10 02:15,3
U143,U127,2025-02-01 13:05,2
U062,U048,2025-03-02 05:43,1
U152,U160,2025-02-11 17:34,2
U133,U145,2025-03-24 16:58,4
U191,U184,2025-02-03 09:46,3
U018,U022,2025-03-23 11:58,2
U051,U021,2025-02-10 17:28,1
U045,U044,2025-02-01 04:27,2
U166,U163,2025-02-07 11:40,2
U047,U064,2025-01-31 01:43,5
U012,U008,2025-03-31 04:35,1
U153,U174,2025-02-18 23:53,3
U141,U143,2025-03-24 21:50,4
U167,U163,2025-01-05 17:46,3
U014,U101,2025-01-22 20:39,1
U089,U076,2025-02-04 02:23,1
U046,U039,2025-01-25 13:02,1
U026,U032,2025-02-23 17:32,1
U052,U074,2025-01-22 22:17,1
U051,U070,2025-01-25 04:59,3
U100,U090,2025-03-11 05:38,3
U133,U129,2025-02-22 14:57,2
U011,U013,2025-02-27 01:34,5
U065,U062,2025-03-25 19:43,4
U170,U083,2025-01-24 19:08,3
U152,U036,2025-01-05 07:46,3
U123,U110,2025-03-26 14:17,3
U029,U043,2025-01-02 19:35,5
U162,U171,2025-02-02 05:26,5
U125,U111,2025-02-06 13:44,4
U070,U072,2025-02-04 02:27,2
U177,U186,2025-03-05 23:53,4
U089,U079,2025-03-16 03:21,4
U080,U139,2025-02-08 20:10,1
U115,U121,2025-01-15 08:59,4
U104,U005,2025-01-13 06:21,2
U037,U042,2025-02-03 13:43,1
U097,U076,2025-01-07 12:13,4
U039,U041,2025-03-15 23:12,1
U012,U017,2025-02-10 09:16,5
U056,U059,2025-01-28 20:12,1
U135,U140,2025-02-21 22:59,3
U159,U174,2025-03-10 04:12,3
U148,U140,2025-02-23 10:43,1
U179,U194,2025-03-27 07:25,1
U164,U174,2025-03-27 14:18,3
U104,U149,2025-01-20 21:15,4
U043,U033,2025-01-19 01:33,3
U184,U196,2025-03-03 08:50,5
U012,U022,2025-02-12 23:54,1
U099,U098,2025-02-13 20:47,4
U023,U139,2025-01-25 11:41,2
U165,U026,2025-02-21 15:20,2
U139,U141,2025-01-23 08:25,2
U073,U070,2025-03-05 22:07,4
U057,U069,2025-03-20 16:02,4
U006,U018,2025-03-26 05:10,2
U063,U065,2025-02-04 13:31,5
U168,U048,2025-01-24 20:14,2
U095,U098,2025-01-15 20:19,2
U146,U130,2025-01-05 14:05,2
U051,U069,2025-01-09 21:10,3
U003,U014,2025-02-26 11:31,2
U067,U059,2025-01-28 00:48,2
U116,U122,2025-01-07 18:13,5
U070,U051,2025-03-15 02:57,4
U128,U136,2025-03-19 00:59,3
U063,U052,2025-03-25 14:29,4
U032,U043,2025-03-29 15:50,2
U023,U013,2025-03-14 02:43,3
U055,U173,2025-01-15 10:00,2
U171,U174,2025-03-13 05:55,2
U127,U116,2025-02-12 21:08,4
U039,U049,2025-02-16 09:52,1
U103,U077,2025-03-08 18:57,4
U176,U182,2025-02-21 04:05,3
U152,U161,2025-02-26 06:05,3
U105,U121,2025-01-27 12:24,1
U021,U016,2025-03-14 08:09,3
U066,U059,2025-01-03 00:25,4
U142,U131,2025-02-09 07:02,4
U144,U126,2025-03-18 23:03,4
U004,U011,2025-01-23 15:27,4
U146,U138,2025-03-22 17:01,3
U187,U019,2025-01-27 01:37,5
U145,U141,2025-03-01 02:31,5
U094,U098,2025-03-12 10:15,5
U120,U103,2025-01-24 18:55,5
U130,U110,2025-01-04 11:06,5
U136,U126,2025-03-21 05:29,3
U080,U089,2025-03-12 21:10,4
U055,U074,2025-01-21 13:54,5
U154,U155,2025-01-10 12:17,2
U047,U029,2025-01-31 07:54,5
U133,U134,2025-01-02 19:34,1
U072,U065,2025-02-10 02:30,2
U094,U092,2025-03-06 08:09,3
U077,U045,2025-03-17 13:58,2
U199,U192,2025-03-05 16:37,4
U055,U057,2025-02-11 07:35,5
U177,U186,2025-03-02 03:48,5
U075,U018,2025-02-05 15:27,5
U049,U032,2025-03-05 20:36,3
U138,U135,2025-02-12 21:21,5
U113,U101,2025-03-10 21:02,3
U195,U184,2025-02-21 23:26,4
U076,U095,2025-03-20 10:30,4
U154,U152,2025-03-18 17:43,5
U064,U053,2025-02-05 07:16,4
U039,U036,2025-02-02 18:24,3
U159,U161,2025-02-15 18:39,5
U083,U084,2025-03-10 17:54,3
U091,U026,2025-03-30 06:23,2
U159,U151,2025-01-01 22:57,1
U186,U192,2025-03-13 23:00,4
U034,U075,2025-03-04 12:40,1
U163,U162,2025-01-24 13:49,3
U059,U060,2025-01-25 00:00,1
U185,U176,2025-01-14 09:57,2
U168,U164,2025-01-02 21:06,5
U141,U127,2025-03-08 19:07,1
U089,U082,2025-01-05 11:34,5
U105,U107,2025-02-16 23:59,4
U023,U011,2025-03-08 21:35,1
U076,U095,2025-03-13 01:04,3
U084,U097,2025-02-22 23:30,1
U171,U153,2025-03-17 07:20,5
U194,U191,2025-01-13 14:45,3
U068,U059,2025-01-11 07:14,2
U117,U101,2025-01-28 12:47,3
U119,U053,2025-02-02 13:11,4
U185,U192,2025-03-30 23:02,1
U196,U183,2025-02-22 11:49,3
U144,U146,2025-03-11 15:00,5
U151,U156,2025-03-07 14:48,5
U071,U052,2025-03-15 06:45,2
U091,U136,2025-02-24 23:44,2
U120,U101,2025-02-12 23:46,2
U040,U011,2025-01-22 00:40,1
U197,U190,2025-02-13 05:16,3
U187,U195,2025-02-03 14:00,1
U042,U039,2025-03-09 11:46,3
U176,U134,2025-03-08 00:26,2
U070,U061,2025-03-13 22:35,5
U179,U132,2025-03-15 16:41,3
U156,U158,2025-03-01 04:44,2
U151,U174,2025-02-28 20:16,3
U173,U170,2025-03-11 05:07,3
U166,U160,2025-03-26 19:26,5
U182,U198,2025-01-01 13:26,4
U097,U096,2025-03-25 14:19,1
U040,U043,2025-02-15 21:41,2
U063,U062,2025-03-17 03:02,3
U170,U168,2025-02-24 09:00,1
U040,U061,2025-01-13 11:40,4
U096,U091,2025-01-12 04:03,4
U005,U006,2025-01-22 02:04,4
U002,U023,2025-03-16 07:02,4
U123,U118,2025-02-27 11:12,4
U115,U119,2025-01-30 17:31,3
U189,U191,2025-01-29 21:51,3
U043,U045,2025-03-04 17:28,1
U192,U054,2025-02-12 10:56,5
U036,U041,2025-02-25 04:14,1
U112,U117,2025-04-01 05:22,5
U156,U163,2025-03-17 14:06,5
U118,U117,2025-02-10 16:23,4
U005,U001,2025-03-04 16:56,4
U058,U069,2025-02-06 15:57,1
U021,U011,2025-03-09 12:40,1
U030,U044,2025-03-01 05:28,5
U171,U175,2025-01-10 06:43,5
U021,U016,2025-01-01 23:23,4
U004,U002,2025-02-11 17:16,5
U200,U180,2025-02-23 23:44,5
U083,U084,2025-03-24 17:38,5
U172,U160,2025-02-25 15:02,4
U063,U183,2025-01-30 02:42,1
U140,U142,2025-02-26 05:42,4
U187,U058,2025-03-31 00:38,2
U176,U191,2025-02-10 14:07,2
U072,U057,2025-01-10 10:46,3
U022,U025,2025-01-30 07:19,4
U012,U005,2025-02-28 22:12,1
U092,U084,2025-03-07 01:00,3
U112,U117,2025-02-19 05:57,2
U035,U028,2025-01-29 10:04,4
U167,U180,2025-01-10 15:42,2
U166,U083,2025-03-19 18:40,1
U179,U186,2025-02-27 11:25,4
U199,U137,2025-02-25 02:31,1
U190,U195,2025-02-10 23:11,5
U058,U071,2025-03-30 22:41,3
U161,U069,2025-02-02 20:13,4
U114,U116,2025-02-22 15:01,3
U100,U089,2025-03-08 09:09,4
U006,U017,2025-02-09 15:43,2
U157,U082,2025-02-14 00:03,2
U079,U087,2025-02-23 08:02,4
U070,U073,2025-03-03 06:14,2
U079,U092,2025-02-06 03:37,5
U098,U077,2025-01-13 18:38,5
U085,U144,2025-02-03 20:32,3
U083,U081,2025-01-28 15:32,1
U128,U143,2025-02-01 21:56,3
U163,U151,2025-03-28 12:10,4
U077,U075,2025-03-14 16:04,4
U182,U066,2025-02-05 17:17,2
